Date,Elev,AM/PM,Azim
2024-01-01,08:11,   0,AM,129
2024-01-01,15:56,   0,PM,231
2024-01-01,09:56,  10,AM,150
2024-01-01,14:11,  10,PM,210
2024-01-02,08:11,   0,AM,129
2024-01-02,15:57,   0,PM,232
2024-01-02,09:55,  10,AM,150
2024-01-02,14:13,  10,PM,210
2024-01-03,08:11,   0,AM,128
2024-01-03,15:58,   0,PM,232
2024-01-03,09:54,  10,AM,150
2024-01-03,14:14,  10,PM,210
2024-01-04,08:10,   0,AM,128
2024-01-04,15:59,   0,PM,232
2024-01-04,09:54,  10,AM,150
2024-01-04,14:16,  10,PM,210
2024-01-05,08:10,   0,AM,128
2024-01-05,16:01,   0,PM,232
2024-01-05,09:53,  10,AM,149
2024-01-05,14:18,  10,PM,211
2024-01-06,08:10,   0,AM,128
2024-01-06,16:02,   0,PM,232
2024-01-06,09:52,  10,AM,149
2024-01-06,14:19,  10,PM,211
2024-01-07,08:09,   0,AM,127
2024-01-07,16:03,   0,PM,233
2024-01-07,09:51,  10,AM,149
2024-01-07,14:21,  10,PM,211
2024-01-08,08:09,   0,AM,127
2024-01-08,16:04,   0,PM,233
2024-01-08,09:50,  10,AM,148
2024-01-08,14:23,  10,PM,212
2024-01-09,08:08,   0,AM,127
2024-01-09,16:06,   0,PM,233
2024-01-09,09:49,  10,AM,148
2024-01-09,14:25,  10,PM,212
2024-01-10,08:08,   0,AM,127
2024-01-10,16:07,   0,PM,233
2024-01-10,09:48,  10,AM,147
2024-01-10,14:27,  10,PM,213
2024-01-11,08:07,   0,AM,126
2024-01-11,16:09,   0,PM,234
2024-01-11,09:46,  10,AM,147
2024-01-11,14:29,  10,PM,213
2024-01-12,08:06,   0,AM,126
2024-01-12,16:10,   0,PM,234
2024-01-12,09:45,  10,AM,147
2024-01-12,14:32,  10,PM,214
2024-01-13,08:06,   0,AM,126
2024-01-13,16:12,   0,PM,234
2024-01-13,09:44,  10,AM,146
2024-01-13,14:34,  10,PM,214
2024-01-14,08:05,   0,AM,125
2024-01-14,16:13,   0,PM,235
2024-01-14,09:42,  10,AM,146
2024-01-14,14:36,  10,PM,214
2024-01-15,08:04,   0,AM,125
2024-01-15,16:15,   0,PM,235
2024-01-15,09:41,  10,AM,145
2024-01-15,14:38,  10,PM,215
2024-01-16,08:03,   0,AM,125
2024-01-16,16:16,   0,PM,235
2024-01-16,09:39,  10,AM,145
2024-01-16,14:41,  10,PM,216
2024-01-17,08:02,   0,AM,124
2024-01-17,16:18,   0,PM,236
2024-01-17,09:37,  10,AM,144
2024-01-17,14:43,  10,PM,216
2024-01-18,08:01,   0,AM,124
2024-01-18,16:20,   0,PM,236
2024-01-18,09:36,  10,AM,144
2024-01-18,14:45,  10,PM,216
2024-01-19,08:00,   0,AM,124
2024-01-19,16:21,   0,PM,236
2024-01-19,09:34,  10,AM,143
2024-01-19,14:48,  10,PM,217
2024-01-20,07:59,   0,AM,123
2024-01-20,16:23,   0,PM,237
2024-01-20,09:32,  10,AM,143
2024-01-20,14:50,  10,PM,218
2024-01-21,07:58,   0,AM,123
2024-01-21,16:25,   0,PM,237
2024-01-21,09:30,  10,AM,142
2024-01-21,14:52,  10,PM,218
2024-01-22,07:57,   0,AM,123
2024-01-22,16:26,   0,PM,238
2024-01-22,09:29,  10,AM,142
2024-01-22,14:55,  10,PM,219
2024-01-23,07:56,   0,AM,122
2024-01-23,16:28,   0,PM,238
2024-01-23,09:27,  10,AM,141
2024-01-23,14:57,  10,PM,219
2024-01-24,07:55,   0,AM,122
2024-01-24,16:30,   0,PM,238
2024-01-24,09:25,  10,AM,140
2024-01-24,15:00,  10,PM,220
2024-01-25,07:53,   0,AM,121
2024-01-25,16:32,   0,PM,239
2024-01-25,09:23,  10,AM,140
2024-01-25,15:02,  10,PM,220
2024-01-26,07:52,   0,AM,121
2024-01-26,16:33,   0,PM,239
2024-01-26,09:21,  10,AM,139
2024-01-26,15:05,  10,PM,221
2024-01-27,07:51,   0,AM,120
2024-01-27,16:35,   0,PM,240
2024-01-27,09:19,  10,AM,139
2024-01-27,15:07,  10,PM,222
2024-01-28,07:49,   0,AM,120
2024-01-28,16:37,   0,PM,240
2024-01-28,09:17,  10,AM,138
2024-01-28,15:10,  10,PM,222
2024-01-29,07:48,   0,AM,120
2024-01-29,16:39,   0,PM,241
2024-01-29,09:15,  10,AM,137
2024-01-29,15:12,  10,PM,223
2024-01-29,12:01,  20,AM,177
2024-01-29,12:26,  20,PM,183
2024-01-30,07:46,   0,AM,119
2024-01-30,16:41,   0,PM,241
2024-01-30,09:12,  10,AM,137
2024-01-30,15:14,  10,PM,223
2024-01-30,11:43,  20,AM,172
2024-01-30,12:44,  20,PM,188
2024-01-31,07:45,   0,AM,119
2024-01-31,16:43,   0,PM,242
2024-01-31,09:10,  10,AM,136
2024-01-31,15:17,  10,PM,224
2024-01-31,11:32,  20,AM,170
2024-01-31,12:55,  20,PM,191
2024-02-01,07:43,   0,AM,118
2024-02-01,16:44,   0,PM,242
2024-02-01,09:08,  10,AM,135
2024-02-01,15:19,  10,PM,225
2024-02-01,11:23,  20,AM,167
2024-02-01,13:04,  20,PM,193
2024-02-02,07:42,   0,AM,118
2024-02-02,16:46,   0,PM,243
2024-02-02,09:06,  10,AM,135
2024-02-02,15:22,  10,PM,225
2024-02-02,11:16,  20,AM,165
2024-02-02,13:12,  20,PM,195
2024-02-03,07:40,   0,AM,117
2024-02-03,16:48,   0,PM,243
2024-02-03,09:04,  10,AM,134
2024-02-03,15:24,  10,PM,226
2024-02-03,11:09,  20,AM,163
2024-02-03,13:19,  20,PM,197
2024-02-04,07:38,   0,AM,116
2024-02-04,16:50,   0,PM,244
2024-02-04,09:01,  10,AM,133
2024-02-04,15:27,  10,PM,227
2024-02-04,11:03,  20,AM,162
2024-02-04,13:25,  20,PM,198
2024-02-05,07:37,   0,AM,116
2024-02-05,16:52,   0,PM,244
2024-02-05,08:59,  10,AM,133
2024-02-05,15:29,  10,PM,227
2024-02-05,10:57,  20,AM,160
2024-02-05,13:31,  20,PM,200
2024-02-06,07:35,   0,AM,115
2024-02-06,16:54,   0,PM,245
2024-02-06,08:57,  10,AM,132
2024-02-06,15:32,  10,PM,228
2024-02-06,10:52,  20,AM,159
2024-02-06,13:37,  20,PM,201
2024-02-07,07:33,   0,AM,115
2024-02-07,16:56,   0,PM,245
2024-02-07,08:55,  10,AM,132
2024-02-07,15:34,  10,PM,229
2024-02-07,10:47,  20,AM,158
2024-02-07,13:42,  20,PM,203
2024-02-08,07:31,   0,AM,114
2024-02-08,16:57,   0,PM,246
2024-02-08,08:52,  10,AM,131
2024-02-08,15:37,  10,PM,229
2024-02-08,10:42,  20,AM,156
2024-02-08,13:47,  20,PM,204
2024-02-09,07:30,   0,AM,114
2024-02-09,16:59,   0,PM,246
2024-02-09,08:50,  10,AM,130
2024-02-09,15:39,  10,PM,230
2024-02-09,10:37,  20,AM,155
2024-02-09,13:52,  20,PM,205
2024-02-10,07:28,   0,AM,113
2024-02-10,17:01,   0,PM,247
2024-02-10,08:48,  10,AM,130
2024-02-10,15:41,  10,PM,231
2024-02-10,10:32,  20,AM,154
2024-02-10,13:57,  20,PM,207
2024-02-11,07:26,   0,AM,113
2024-02-11,17:03,   0,PM,247
2024-02-11,08:45,  10,AM,129
2024-02-11,15:44,  10,PM,231
2024-02-11,10:28,  20,AM,153
2024-02-11,14:01,  20,PM,208
2024-02-12,07:24,   0,AM,112
2024-02-12,17:05,   0,PM,248
2024-02-12,08:43,  10,AM,128
2024-02-12,15:46,  10,PM,232
2024-02-12,10:24,  20,AM,151
2024-02-12,14:05,  20,PM,209
2024-02-13,07:22,   0,AM,112
2024-02-13,17:07,   0,PM,249
2024-02-13,08:41,  10,AM,128
2024-02-13,15:49,  10,PM,233
2024-02-13,10:19,  20,AM,150
2024-02-13,14:10,  20,PM,210
2024-02-14,07:20,   0,AM,111
2024-02-14,17:09,   0,PM,249
2024-02-14,08:38,  10,AM,127
2024-02-14,15:51,  10,PM,233
2024-02-14,10:15,  20,AM,149
2024-02-14,14:14,  20,PM,211
2024-02-15,07:18,   0,AM,110
2024-02-15,17:11,   0,PM,250
2024-02-15,08:36,  10,AM,126
2024-02-15,15:53,  10,PM,234
2024-02-15,10:11,  20,AM,148
2024-02-15,14:18,  20,PM,212
2024-02-16,07:16,   0,AM,110
2024-02-16,17:12,   0,PM,250
2024-02-16,08:33,  10,AM,125
2024-02-16,15:56,  10,PM,235
2024-02-16,10:07,  20,AM,147
2024-02-16,14:21,  20,PM,213
2024-02-17,07:14,   0,AM,109
2024-02-17,17:14,   0,PM,251
2024-02-17,08:31,  10,AM,125
2024-02-17,15:58,  10,PM,235
2024-02-17,10:04,  20,AM,146
2024-02-17,14:25,  20,PM,214
2024-02-18,07:12,   0,AM,109
2024-02-18,17:16,   0,PM,252
2024-02-18,08:28,  10,AM,124
2024-02-18,16:00,  10,PM,236
2024-02-18,10:00,  20,AM,145
2024-02-18,14:29,  20,PM,215
2024-02-19,07:10,   0,AM,108
2024-02-19,17:18,   0,PM,252
2024-02-19,08:26,  10,AM,123
2024-02-19,16:02,  10,PM,237
2024-02-19,09:56,  20,AM,144
2024-02-19,14:32,  20,PM,216
2024-02-20,07:08,   0,AM,107
2024-02-20,17:20,   0,PM,253
2024-02-20,08:24,  10,AM,123
2024-02-20,16:05,  10,PM,238
2024-02-20,09:52,  20,AM,143
2024-02-20,14:36,  20,PM,217
2024-02-21,07:06,   0,AM,107
2024-02-21,17:22,   0,PM,253
2024-02-21,08:21,  10,AM,122
2024-02-21,16:07,  10,PM,238
2024-02-21,09:49,  20,AM,142
2024-02-21,14:39,  20,PM,218
2024-02-22,07:04,   0,AM,106
2024-02-22,17:24,   0,PM,254
2024-02-22,08:19,  10,AM,121
2024-02-22,16:09,  10,PM,239
2024-02-22,09:45,  20,AM,141
2024-02-22,14:43,  20,PM,219
2024-02-23,07:02,   0,AM,106
2024-02-23,17:25,   0,PM,254
2024-02-23,08:16,  10,AM,121
2024-02-23,16:11,  10,PM,239
2024-02-23,09:42,  20,AM,140
2024-02-23,14:46,  20,PM,220
2024-02-24,07:00,   0,AM,105
2024-02-24,17:27,   0,PM,255
2024-02-24,08:14,  10,AM,120
2024-02-24,16:13,  10,PM,240
2024-02-24,09:38,  20,AM,139
2024-02-24,14:49,  20,PM,221
2024-02-25,06:58,   0,AM,104
2024-02-25,17:29,   0,PM,256
2024-02-25,08:11,  10,AM,119
2024-02-25,16:16,  10,PM,241
2024-02-25,09:35,  20,AM,138
2024-02-25,14:52,  20,PM,222
2024-02-26,06:56,   0,AM,104
2024-02-26,17:31,   0,PM,256
2024-02-26,08:09,  10,AM,119
2024-02-26,16:18,  10,PM,242
2024-02-26,09:31,  20,AM,137
2024-02-26,14:55,  20,PM,223
2024-02-27,06:54,   0,AM,103
2024-02-27,17:33,   0,PM,257
2024-02-27,08:06,  10,AM,118
2024-02-27,16:20,  10,PM,242
2024-02-27,09:28,  20,AM,136
2024-02-27,14:58,  20,PM,224
2024-02-28,06:51,   0,AM,103
2024-02-28,17:35,   0,PM,258
2024-02-28,08:04,  10,AM,117
2024-02-28,16:22,  10,PM,243
2024-02-28,09:25,  20,AM,135
2024-02-28,15:01,  20,PM,225
2024-02-29,06:49,   0,AM,102
2024-02-29,17:36,   0,PM,258
2024-02-29,08:01,  10,AM,116
2024-02-29,16:24,  10,PM,244
2024-02-29,09:21,  20,AM,134
2024-02-29,15:04,  20,PM,226
2024-02-29,11:43,  30,AM,172
2024-02-29,12:43,  30,PM,189
2024-03-01,06:47,   0,AM,101
2024-03-01,17:38,   0,PM,259
2024-03-01,07:59,  10,AM,116
2024-03-01,16:26,  10,PM,244
2024-03-01,09:18,  20,AM,133
2024-03-01,15:07,  20,PM,227
2024-03-01,11:29,  30,AM,168
2024-03-01,12:56,  30,PM,193
2024-03-02,06:45,   0,AM,101
2024-03-02,17:40,   0,PM,260
2024-03-02,07:57,  10,AM,115
2024-03-02,16:28,  10,PM,245
2024-03-02,09:15,  20,AM,133
2024-03-02,15:10,  20,PM,228
2024-03-02,11:19,  30,AM,165
2024-03-02,13:06,  30,PM,196
2024-03-03,06:43,   0,AM,100
2024-03-03,17:42,   0,PM,260
2024-03-03,07:54,  10,AM,114
2024-03-03,16:30,  10,PM,246
2024-03-03,09:12,  20,AM,132
2024-03-03,15:13,  20,PM,229
2024-03-03,11:10,  30,AM,162
2024-03-03,13:14,  30,PM,198
2024-03-04,06:40,   0,AM,099
2024-03-04,17:44,   0,PM,261
2024-03-04,07:52,  10,AM,114
2024-03-04,16:32,  10,PM,246
2024-03-04,09:09,  20,AM,131
2024-03-04,15:15,  20,PM,229
2024-03-04,11:02,  30,AM,160
2024-03-04,13:21,  30,PM,200
2024-03-05,06:38,   0,AM,099
2024-03-05,17:45,   0,PM,261
2024-03-05,07:49,  10,AM,113
2024-03-05,16:34,  10,PM,247
2024-03-05,09:06,  20,AM,130
2024-03-05,15:18,  20,PM,230
2024-03-05,10:55,  30,AM,158
2024-03-05,13:28,  30,PM,202
2024-03-06,06:36,   0,AM,098
2024-03-06,17:47,   0,PM,262
2024-03-06,07:47,  10,AM,113
2024-03-06,16:36,  10,PM,248
2024-03-06,09:02,  20,AM,129
2024-03-06,15:21,  20,PM,231
2024-03-06,10:49,  30,AM,156
2024-03-06,13:34,  30,PM,204
2024-03-07,06:34,   0,AM,098
2024-03-07,17:49,   0,PM,263
2024-03-07,07:44,  10,AM,112
2024-03-07,16:38,  10,PM,248
2024-03-07,08:59,  20,AM,128
2024-03-07,15:23,  20,PM,232
2024-03-07,10:43,  30,AM,155
2024-03-07,13:39,  30,PM,206
2024-03-08,06:31,   0,AM,097
2024-03-08,17:51,   0,PM,263
2024-03-08,07:42,  10,AM,111
2024-03-08,16:40,  10,PM,249
2024-03-08,08:56,  20,AM,127
2024-03-08,15:26,  20,PM,233
2024-03-08,10:37,  30,AM,153
2024-03-08,13:45,  30,PM,207
2024-03-09,06:29,   0,AM,096
2024-03-09,17:52,   0,PM,264
2024-03-09,07:39,  10,AM,110
2024-03-09,16:42,  10,PM,250
2024-03-09,08:53,  20,AM,126
2024-03-09,15:28,  20,PM,234
2024-03-09,10:32,  30,AM,151
2024-03-09,13:50,  30,PM,209
2024-03-10,06:27,   0,AM,096
2024-03-10,17:54,   0,PM,265
2024-03-10,07:37,  10,AM,110
2024-03-10,16:44,  10,PM,251
2024-03-10,08:50,  20,AM,126
2024-03-10,15:31,  20,PM,235
2024-03-10,10:27,  30,AM,150
2024-03-10,13:54,  30,PM,210
2024-03-11,06:25,   0,AM,095
2024-03-11,17:56,   0,PM,265
2024-03-11,07:34,  10,AM,109
2024-03-11,16:46,  10,PM,251
2024-03-11,08:47,  20,AM,125
2024-03-11,15:33,  20,PM,235
2024-03-11,10:22,  30,AM,148
2024-03-11,13:59,  30,PM,212
2024-03-12,06:22,   0,AM,094
2024-03-12,17:58,   0,PM,266
2024-03-12,07:32,  10,AM,108
2024-03-12,16:48,  10,PM,252
2024-03-12,08:44,  20,AM,124
2024-03-12,15:35,  20,PM,236
2024-03-12,10:17,  30,AM,147
2024-03-12,14:03,  30,PM,213
2024-03-13,06:20,   0,AM,094
2024-03-13,18:00,   0,PM,267
2024-03-13,07:29,  10,AM,108
2024-03-13,16:50,  10,PM,253
2024-03-13,08:42,  20,AM,123
2024-03-13,15:38,  20,PM,237
2024-03-13,10:12,  30,AM,146
2024-03-13,14:07,  30,PM,215
2024-03-14,06:18,   0,AM,093
2024-03-14,18:01,   0,PM,267
2024-03-14,07:27,  10,AM,107
2024-03-14,16:52,  10,PM,253
2024-03-14,08:39,  20,AM,122
2024-03-14,15:40,  20,PM,238
2024-03-14,10:08,  30,AM,144
2024-03-14,14:11,  30,PM,216
2024-03-15,06:15,   0,AM,092
2024-03-15,18:03,   0,PM,268
2024-03-15,07:25,  10,AM,106
2024-03-15,16:54,  10,PM,254
2024-03-15,08:36,  20,AM,122
2024-03-15,15:42,  20,PM,239
2024-03-15,10:04,  30,AM,143
2024-03-15,14:15,  30,PM,217
2024-03-16,06:13,   0,AM,092
2024-03-16,18:05,   0,PM,269
2024-03-16,07:22,  10,AM,106
2024-03-16,16:56,  10,PM,255
2024-03-16,08:33,  20,AM,121
2024-03-16,15:45,  20,PM,240
2024-03-16,09:59,  30,AM,142
2024-03-16,14:18,  30,PM,218
2024-03-17,06:11,   0,AM,091
2024-03-17,18:07,   0,PM,269
2024-03-17,07:20,  10,AM,105
2024-03-17,16:58,  10,PM,255
2024-03-17,08:30,  20,AM,120
2024-03-17,15:47,  20,PM,240
2024-03-17,09:55,  30,AM,141
2024-03-17,14:22,  30,PM,220
2024-03-18,06:09,   0,AM,091
2024-03-18,18:08,   0,PM,270
2024-03-18,07:17,  10,AM,104
2024-03-18,16:59,  10,PM,256
2024-03-18,08:27,  20,AM,119
2024-03-18,15:49,  20,PM,241
2024-03-18,09:51,  30,AM,140
2024-03-18,14:25,  30,PM,221
2024-03-19,06:06,   0,AM,090
2024-03-19,18:10,   0,PM,270
2024-03-19,07:15,  10,AM,104
2024-03-19,17:01,  10,PM,257
2024-03-19,08:25,  20,AM,118
2024-03-19,15:51,  20,PM,242
2024-03-19,09:48,  30,AM,139
2024-03-19,14:28,  30,PM,222
2024-03-20,06:04,   0,AM,089
2024-03-20,18:12,   0,PM,271
2024-03-20,07:12,  10,AM,103
2024-03-20,17:03,  10,PM,257
2024-03-20,08:22,  20,AM,118
2024-03-20,15:53,  20,PM,243
2024-03-20,09:44,  30,AM,137
2024-03-20,14:31,  30,PM,223
2024-03-21,06:02,   0,AM,089
2024-03-21,18:13,   0,PM,272
2024-03-21,07:10,  10,AM,102
2024-03-21,17:05,  10,PM,258
2024-03-21,08:19,  20,AM,117
2024-03-21,15:55,  20,PM,243
2024-03-21,09:40,  30,AM,136
2024-03-21,14:35,  30,PM,224
2024-03-22,05:59,   0,AM,088
2024-03-22,18:15,   0,PM,272
2024-03-22,07:08,  10,AM,102
2024-03-22,17:07,  10,PM,259
2024-03-22,08:17,  20,AM,116
2024-03-22,15:58,  20,PM,244
2024-03-22,09:37,  30,AM,135
2024-03-22,14:38,  30,PM,225
2024-03-23,05:57,   0,AM,087
2024-03-23,18:17,   0,PM,273
2024-03-23,07:05,  10,AM,101
2024-03-23,17:08,  10,PM,259
2024-03-23,08:14,  20,AM,115
2024-03-23,16:00,  20,PM,245
2024-03-23,09:33,  30,AM,134
2024-03-23,14:40,  30,PM,226
2024-03-24,05:55,   0,AM,087
2024-03-24,18:19,   0,PM,274
2024-03-24,07:03,  10,AM,100
2024-03-24,17:10,  10,PM,260
2024-03-24,08:11,  20,AM,115
2024-03-24,16:02,  20,PM,246
2024-03-24,09:30,  30,AM,133
2024-03-24,14:43,  30,PM,227
2024-03-25,05:52,   0,AM,086
2024-03-25,18:20,   0,PM,274
2024-03-25,07:01,  10,AM,100
2024-03-25,17:12,  10,PM,261
2024-03-25,08:09,  20,AM,114
2024-03-25,16:04,  20,PM,246
2024-03-25,09:26,  30,AM,132
2024-03-25,14:46,  30,PM,228
2024-03-25,11:49,  40,AM,175
2024-03-25,12:23,  40,PM,186
2024-03-26,05:50,   0,AM,085
2024-03-26,18:22,   0,PM,275
2024-03-26,06:58,  10,AM,099
2024-03-26,17:14,  10,PM,261
2024-03-26,08:06,  20,AM,113
2024-03-26,16:06,  20,PM,247
2024-03-26,09:23,  30,AM,131
2024-03-26,14:49,  30,PM,229
2024-03-26,11:32,  40,AM,169
2024-03-26,12:40,  40,PM,191
2024-03-27,05:48,   0,AM,085
2024-03-27,18:24,   0,PM,276
2024-03-27,06:56,  10,AM,098
2024-03-27,17:15,  10,PM,262
2024-03-27,08:04,  20,AM,112
2024-03-27,16:08,  20,PM,248
2024-03-27,09:20,  30,AM,130
2024-03-27,14:51,  30,PM,230
2024-03-27,11:20,  40,AM,165
2024-03-27,12:51,  40,PM,195
2024-03-28,05:45,   0,AM,084
2024-03-28,18:25,   0,PM,276
2024-03-28,06:54,  10,AM,098
2024-03-28,17:17,  10,PM,263
2024-03-28,08:01,  20,AM,112
2024-03-28,16:10,  20,PM,249
2024-03-28,09:16,  30,AM,129
2024-03-28,14:54,  30,PM,231
2024-03-28,11:11,  40,AM,162
2024-03-28,12:59,  40,PM,198
2024-03-29,05:43,   0,AM,084
2024-03-29,18:27,   0,PM,277
2024-03-29,06:51,  10,AM,097
2024-03-29,17:19,  10,PM,263
2024-03-29,07:58,  20,AM,111
2024-03-29,16:11,  20,PM,249
2024-03-29,09:13,  30,AM,128
2024-03-29,14:57,  30,PM,232
2024-03-29,11:03,  40,AM,160
2024-03-29,13:06,  40,PM,200
2024-03-30,05:41,   0,AM,083
2024-03-30,18:29,   0,PM,277
2024-03-30,06:49,  10,AM,096
2024-03-30,17:21,  10,PM,264
2024-03-30,07:56,  20,AM,110
2024-03-30,16:13,  20,PM,250
2024-03-30,09:10,  30,AM,127
2024-03-30,14:59,  30,PM,233
2024-03-30,10:56,  40,AM,158
2024-03-30,13:13,  40,PM,203
2024-03-31,05:38,   0,AM,082
2024-03-31,18:31,   0,PM,278
2024-03-31,06:47,  10,AM,096
2024-03-31,17:22,  10,PM,265
2024-03-31,07:54,  20,AM,110
2024-03-31,16:15,  20,PM,251
2024-03-31,09:07,  30,AM,127
2024-03-31,15:01,  30,PM,234
2024-03-31,10:50,  40,AM,156
2024-03-31,13:19,  40,PM,205
2024-04-01,05:36,   0,AM,082
2024-04-01,18:32,   0,PM,279
2024-04-01,06:44,  10,AM,095
2024-04-01,17:24,  10,PM,265
2024-04-01,07:51,  20,AM,109
2024-04-01,16:17,  20,PM,251
2024-04-01,09:04,  30,AM,126
2024-04-01,15:04,  30,PM,235
2024-04-01,10:44,  40,AM,154
2024-04-01,13:24,  40,PM,207
2024-04-02,05:34,   0,AM,081
2024-04-02,18:34,   0,PM,279
2024-04-02,06:42,  10,AM,094
2024-04-02,17:26,  10,PM,266
2024-04-02,07:49,  20,AM,108
2024-04-02,16:19,  20,PM,252
2024-04-02,09:01,  30,AM,125
2024-04-02,15:06,  30,PM,235
2024-04-02,10:39,  40,AM,152
2024-04-02,13:29,  40,PM,208
2024-04-03,05:32,   0,AM,080
2024-04-03,18:36,   0,PM,280
2024-04-03,06:40,  10,AM,094
2024-04-03,17:27,  10,PM,266
2024-04-03,07:46,  20,AM,107
2024-04-03,16:21,  20,PM,253
2024-04-03,08:58,  30,AM,124
2024-04-03,15:08,  30,PM,236
2024-04-03,10:33,  40,AM,150
2024-04-03,13:33,  40,PM,210
2024-04-04,05:29,   0,AM,080
2024-04-04,18:37,   0,PM,280
2024-04-04,06:38,  10,AM,093
2024-04-04,17:29,  10,PM,267
2024-04-04,07:44,  20,AM,107
2024-04-04,16:23,  20,PM,254
2024-04-04,08:56,  30,AM,123
2024-04-04,15:11,  30,PM,237
2024-04-04,10:29,  40,AM,149
2024-04-04,13:38,  40,PM,212
2024-04-05,05:27,   0,AM,079
2024-04-05,18:39,   0,PM,281
2024-04-05,06:35,  10,AM,093
2024-04-05,17:31,  10,PM,268
2024-04-05,07:42,  20,AM,106
2024-04-05,16:24,  20,PM,254
2024-04-05,08:53,  30,AM,122
2024-04-05,15:13,  30,PM,238
2024-04-05,10:24,  40,AM,147
2024-04-05,13:42,  40,PM,213
2024-04-06,05:25,   0,AM,079
2024-04-06,18:41,   0,PM,282
2024-04-06,06:33,  10,AM,092
2024-04-06,17:32,  10,PM,268
2024-04-06,07:39,  20,AM,105
2024-04-06,16:26,  20,PM,255
2024-04-06,08:50,  30,AM,121
2024-04-06,15:15,  30,PM,239
2024-04-06,10:19,  40,AM,146
2024-04-06,13:46,  40,PM,215
2024-04-07,05:23,   0,AM,078
2024-04-07,18:43,   0,PM,283
2024-04-07,06:31,  10,AM,091
2024-04-07,17:34,  10,PM,269
2024-04-07,07:37,  20,AM,105
2024-04-07,16:28,  20,PM,256
2024-04-07,08:47,  30,AM,121
2024-04-07,15:17,  30,PM,240
2024-04-07,10:15,  40,AM,144
2024-04-07,13:49,  40,PM,216
2024-04-08,05:20,   0,AM,077
2024-04-08,18:44,   0,PM,283
2024-04-08,06:29,  10,AM,091
2024-04-08,17:35,  10,PM,269
2024-04-08,07:35,  20,AM,104
2024-04-08,16:30,  20,PM,256
2024-04-08,08:45,  30,AM,120
2024-04-08,15:19,  30,PM,240
2024-04-08,10:11,  40,AM,143
2024-04-08,13:53,  40,PM,217
2024-04-09,05:18,   0,AM,077
2024-04-09,18:46,   0,PM,284
2024-04-09,06:27,  10,AM,090
2024-04-09,17:37,  10,PM,270
2024-04-09,07:32,  20,AM,103
2024-04-09,16:31,  20,PM,257
2024-04-09,08:42,  30,AM,119
2024-04-09,15:21,  30,PM,241
2024-04-09,10:07,  40,AM,142
2024-04-09,13:56,  40,PM,218
2024-04-10,05:16,   0,AM,076
2024-04-10,18:48,   0,PM,284
2024-04-10,06:24,  10,AM,089
2024-04-10,17:39,  10,PM,271
2024-04-10,07:30,  20,AM,103
2024-04-10,16:33,  20,PM,257
2024-04-10,08:40,  30,AM,118
2024-04-10,15:23,  30,PM,242
2024-04-10,10:03,  40,AM,140
2024-04-10,13:59,  40,PM,220
2024-04-11,05:14,   0,AM,076
2024-04-11,18:49,   0,PM,285
2024-04-11,06:22,  10,AM,089
2024-04-11,17:40,  10,PM,271
2024-04-11,07:28,  20,AM,102
2024-04-11,16:35,  20,PM,258
2024-04-11,08:37,  30,AM,117
2024-04-11,15:25,  30,PM,243
2024-04-11,10:00,  40,AM,139
2024-04-11,14:03,  40,PM,221
2024-04-12,05:11,   0,AM,075
2024-04-12,18:51,   0,PM,285
2024-04-12,06:20,  10,AM,088
2024-04-12,17:42,  10,PM,272
2024-04-12,07:26,  20,AM,102
2024-04-12,16:36,  20,PM,259
2024-04-12,08:35,  30,AM,117
2024-04-12,15:27,  30,PM,243
2024-04-12,09:56,  40,AM,138
2024-04-12,14:06,  40,PM,222
2024-04-13,05:09,   0,AM,074
2024-04-13,18:53,   0,PM,286
2024-04-13,06:18,  10,AM,088
2024-04-13,17:44,  10,PM,273
2024-04-13,07:24,  20,AM,101
2024-04-13,16:38,  20,PM,259
2024-04-13,08:32,  30,AM,116
2024-04-13,15:29,  30,PM,244
2024-04-13,09:53,  40,AM,137
2024-04-13,14:08,  40,PM,223
2024-04-14,05:07,   0,AM,074
2024-04-14,18:54,   0,PM,287
2024-04-14,06:16,  10,AM,087
2024-04-14,17:45,  10,PM,273
2024-04-14,07:22,  20,AM,100
2024-04-14,16:40,  20,PM,260
2024-04-14,08:30,  30,AM,115
2024-04-14,15:31,  30,PM,245
2024-04-14,09:50,  40,AM,136
2024-04-14,14:11,  40,PM,224
2024-04-15,05:05,   0,AM,073
2024-04-15,18:56,   0,PM,287
2024-04-15,06:14,  10,AM,087
2024-04-15,17:47,  10,PM,274
2024-04-15,07:19,  20,AM,100
2024-04-15,16:41,  20,PM,261
2024-04-15,08:27,  30,AM,114
2024-04-15,15:33,  30,PM,246
2024-04-15,09:46,  40,AM,135
2024-04-15,14:14,  40,PM,225
2024-04-16,05:03,   0,AM,073
2024-04-16,18:58,   0,PM,288
2024-04-16,06:12,  10,AM,086
2024-04-16,17:48,  10,PM,274
2024-04-16,07:17,  20,AM,099
2024-04-16,16:43,  20,PM,261
2024-04-16,08:25,  30,AM,114
2024-04-16,15:35,  30,PM,246
2024-04-16,09:43,  40,AM,134
2024-04-16,14:17,  40,PM,226
2024-04-17,05:00,   0,AM,072
2024-04-17,19:00,   0,PM,289
2024-04-17,06:10,  10,AM,085
2024-04-17,17:50,  10,PM,275
2024-04-17,07:15,  20,AM,098
2024-04-17,16:44,  20,PM,262
2024-04-17,08:23,  30,AM,113
2024-04-17,15:37,  30,PM,247
2024-04-17,09:40,  40,AM,133
2024-04-17,14:19,  40,PM,227
2024-04-18,04:58,   0,AM,071
2024-04-18,19:01,   0,PM,289
2024-04-18,06:08,  10,AM,085
2024-04-18,17:51,  10,PM,275
2024-04-18,07:13,  20,AM,098
2024-04-18,16:46,  20,PM,262
2024-04-18,08:21,  30,AM,112
2024-04-18,15:38,  30,PM,248
2024-04-18,09:37,  40,AM,132
2024-04-18,14:22,  40,PM,228
2024-04-19,04:56,   0,AM,071
2024-04-19,19:03,   0,PM,290
2024-04-19,06:06,  10,AM,084
2024-04-19,17:53,  10,PM,276
2024-04-19,07:11,  20,AM,097
2024-04-19,16:47,  20,PM,263
2024-04-19,08:19,  30,AM,112
2024-04-19,15:40,  30,PM,248
2024-04-19,09:35,  40,AM,131
2024-04-19,14:24,  40,PM,229
2024-04-20,04:54,   0,AM,070
2024-04-20,19:05,   0,PM,290
2024-04-20,06:04,  10,AM,084
2024-04-20,17:54,  10,PM,276
2024-04-20,07:09,  20,AM,097
2024-04-20,16:49,  20,PM,264
2024-04-20,08:16,  30,AM,111
2024-04-20,15:42,  30,PM,249
2024-04-20,09:32,  40,AM,130
2024-04-20,14:26,  40,PM,230
2024-04-21,04:52,   0,AM,070
2024-04-21,19:06,   0,PM,291
2024-04-21,06:02,  10,AM,083
2024-04-21,17:56,  10,PM,277
2024-04-21,07:07,  20,AM,096
2024-04-21,16:50,  20,PM,264
2024-04-21,08:14,  30,AM,110
2024-04-21,15:44,  30,PM,250
2024-04-21,09:29,  40,AM,129
2024-04-21,14:29,  40,PM,231
2024-04-21,11:43,  50,AM,174
2024-04-21,12:15,  50,PM,186
2024-04-22,04:50,   0,AM,069
2024-04-22,19:08,   0,PM,291
2024-04-22,06:00,  10,AM,083
2024-04-22,17:57,  10,PM,278
2024-04-22,07:06,  20,AM,096
2024-04-22,16:52,  20,PM,265
2024-04-22,08:12,  30,AM,110
2024-04-22,15:45,  30,PM,250
2024-04-22,09:26,  40,AM,128
2024-04-22,14:31,  40,PM,232
2024-04-22,11:29,  50,AM,169
2024-04-22,12:28,  50,PM,191
2024-04-23,04:48,   0,AM,068
2024-04-23,19:10,   0,PM,292
2024-04-23,05:58,  10,AM,082
2024-04-23,17:59,  10,PM,278
2024-04-23,07:04,  20,AM,095
2024-04-23,16:53,  20,PM,265
2024-04-23,08:10,  30,AM,109
2024-04-23,15:47,  30,PM,251
2024-04-23,09:24,  40,AM,127
2024-04-23,14:33,  40,PM,233
2024-04-23,11:19,  50,AM,165
2024-04-23,12:38,  50,PM,195
2024-04-24,04:46,   0,AM,068
2024-04-24,19:11,   0,PM,292
2024-04-24,05:56,  10,AM,081
2024-04-24,18:00,  10,PM,279
2024-04-24,07:02,  20,AM,094
2024-04-24,16:55,  20,PM,266
2024-04-24,08:08,  30,AM,108
2024-04-24,15:48,  30,PM,252
2024-04-24,09:21,  40,AM,126
2024-04-24,14:35,  40,PM,234
2024-04-24,11:12,  50,AM,162
2024-04-24,12:45,  50,PM,198
2024-04-25,04:44,   0,AM,067
2024-04-25,19:13,   0,PM,293
2024-04-25,05:55,  10,AM,081
2024-04-25,18:02,  10,PM,279
2024-04-25,07:00,  20,AM,094
2024-04-25,16:56,  20,PM,266
2024-04-25,08:06,  30,AM,108
2024-04-25,15:50,  30,PM,252
2024-04-25,09:19,  40,AM,126
2024-04-25,14:37,  40,PM,234
2024-04-25,11:05,  50,AM,160
2024-04-25,12:51,  50,PM,200
2024-04-26,04:42,   0,AM,067
2024-04-26,19:15,   0,PM,294
2024-04-26,05:53,  10,AM,081
2024-04-26,18:03,  10,PM,280
2024-04-26,06:58,  20,AM,093
2024-04-26,16:58,  20,PM,267
2024-04-26,08:04,  30,AM,107
2024-04-26,15:52,  30,PM,253
2024-04-26,09:17,  40,AM,125
2024-04-26,14:39,  40,PM,235
2024-04-26,11:00,  50,AM,158
2024-04-26,12:56,  50,PM,202
2024-04-27,04:40,   0,AM,066
2024-04-27,19:17,   0,PM,294
2024-04-27,05:51,  10,AM,080
2024-04-27,18:05,  10,PM,280
2024-04-27,06:56,  20,AM,093
2024-04-27,16:59,  20,PM,267
2024-04-27,08:02,  30,AM,106
2024-04-27,15:53,  30,PM,254
2024-04-27,09:14,  40,AM,124
2024-04-27,14:41,  40,PM,236
2024-04-27,10:54,  50,AM,156
2024-04-27,13:01,  50,PM,204
2024-04-28,04:38,   0,AM,066
2024-04-28,19:18,   0,PM,295
2024-04-28,05:49,  10,AM,079
2024-04-28,18:06,  10,PM,281
2024-04-28,06:55,  20,AM,092
2024-04-28,17:01,  20,PM,268
2024-04-28,08:01,  30,AM,106
2024-04-28,15:55,  30,PM,254
2024-04-28,09:12,  40,AM,123
2024-04-28,14:43,  40,PM,237
2024-04-28,10:50,  50,AM,154
2024-04-28,13:05,  50,PM,206
2024-04-29,04:36,   0,AM,065
2024-04-29,19:20,   0,PM,295
2024-04-29,05:47,  10,AM,079
2024-04-29,18:08,  10,PM,281
2024-04-29,06:53,  20,AM,092
2024-04-29,17:02,  20,PM,268
2024-04-29,07:59,  30,AM,105
2024-04-29,15:56,  30,PM,255
2024-04-29,09:10,  40,AM,123
2024-04-29,14:45,  40,PM,238
2024-04-29,10:45,  50,AM,152
2024-04-29,13:10,  50,PM,208
2024-04-30,04:34,   0,AM,065
2024-04-30,19:22,   0,PM,296
2024-04-30,05:46,  10,AM,079
2024-04-30,18:09,  10,PM,282
2024-04-30,06:51,  20,AM,091
2024-04-30,17:04,  20,PM,269
2024-04-30,07:57,  30,AM,105
2024-04-30,15:58,  30,PM,255
2024-04-30,09:08,  40,AM,122
2024-04-30,14:47,  40,PM,238
2024-04-30,10:41,  50,AM,151
2024-04-30,13:13,  50,PM,209
2024-05-01,04:32,   0,AM,064
2024-05-01,19:23,   0,PM,296
2024-05-01,05:44,  10,AM,078
2024-05-01,18:11,  10,PM,282
2024-05-01,06:50,  20,AM,091
2024-05-01,17:05,  20,PM,270
2024-05-01,07:55,  30,AM,104
2024-05-01,15:59,  30,PM,256
2024-05-01,09:06,  40,AM,121
2024-05-01,14:49,  40,PM,239
2024-05-01,10:38,  50,AM,149
2024-05-01,13:17,  50,PM,211
2024-05-02,04:30,   0,AM,064
2024-05-02,19:25,   0,PM,297
2024-05-02,05:42,  10,AM,077
2024-05-02,18:12,  10,PM,283
2024-05-02,06:48,  20,AM,090
2024-05-02,17:06,  20,PM,270
2024-05-02,07:54,  30,AM,104
2024-05-02,16:01,  30,PM,257
2024-05-02,09:04,  40,AM,120
2024-05-02,14:50,  40,PM,240
2024-05-02,10:34,  50,AM,148
2024-05-02,13:20,  50,PM,212
2024-05-03,04:28,   0,AM,063
2024-05-03,19:27,   0,PM,297
2024-05-03,05:41,  10,AM,077
2024-05-03,18:14,  10,PM,283
2024-05-03,06:47,  20,AM,090
2024-05-03,17:08,  20,PM,271
2024-05-03,07:52,  30,AM,103
2024-05-03,16:02,  30,PM,257
2024-05-03,09:02,  40,AM,120
2024-05-03,14:52,  40,PM,240
2024-05-03,10:31,  50,AM,147
2024-05-03,13:23,  50,PM,213
2024-05-04,04:26,   0,AM,062
2024-05-04,19:28,   0,PM,298
2024-05-04,05:39,  10,AM,077
2024-05-04,18:15,  10,PM,284
2024-05-04,06:45,  20,AM,089
2024-05-04,17:09,  20,PM,271
2024-05-04,07:51,  30,AM,103
2024-05-04,16:03,  30,PM,257
2024-05-04,09:00,  40,AM,119
2024-05-04,14:54,  40,PM,241
2024-05-04,10:27,  50,AM,145
2024-05-04,13:26,  50,PM,215
2024-05-05,04:25,   0,AM,062
2024-05-05,19:30,   0,PM,298
2024-05-05,05:38,  10,AM,076
2024-05-05,18:16,  10,PM,284
2024-05-05,06:44,  20,AM,089
2024-05-05,17:10,  20,PM,271
2024-05-05,07:49,  30,AM,102
2024-05-05,16:05,  30,PM,258
2024-05-05,08:58,  40,AM,118
2024-05-05,14:55,  40,PM,242
2024-05-05,10:24,  50,AM,144
2024-05-05,13:29,  50,PM,216
2024-05-06,04:23,   0,AM,062
2024-05-06,19:31,   0,PM,299
2024-05-06,05:36,  10,AM,076
2024-05-06,18:18,  10,PM,285
2024-05-06,06:42,  20,AM,088
2024-05-06,17:12,  20,PM,272
2024-05-06,07:47,  30,AM,102
2024-05-06,16:06,  30,PM,259
2024-05-06,08:56,  40,AM,118
2024-05-06,14:57,  40,PM,242
2024-05-06,10:21,  50,AM,143
2024-05-06,13:32,  50,PM,217
2024-05-07,04:21,   0,AM,061
2024-05-07,19:33,   0,PM,299
2024-05-07,05:35,  10,AM,075
2024-05-07,18:19,  10,PM,285
2024-05-07,06:41,  20,AM,088
2024-05-07,17:13,  20,PM,272
2024-05-07,07:46,  30,AM,101
2024-05-07,16:08,  30,PM,259
2024-05-07,08:55,  40,AM,117
2024-05-07,14:59,  40,PM,243
2024-05-07,10:19,  50,AM,142
2024-05-07,13:35,  50,PM,218
2024-05-08,04:19,   0,AM,060
2024-05-08,19:35,   0,PM,300
2024-05-08,05:33,  10,AM,075
2024-05-08,18:21,  10,PM,286
2024-05-08,06:39,  20,AM,087
2024-05-08,17:14,  20,PM,273
2024-05-08,07:45,  30,AM,101
2024-05-08,16:09,  30,PM,260
2024-05-08,08:53,  40,AM,116
2024-05-08,15:00,  40,PM,244
2024-05-08,10:16,  50,AM,141
2024-05-08,13:37,  50,PM,219
2024-05-09,04:18,   0,AM,060
2024-05-09,19:36,   0,PM,300
2024-05-09,05:32,  10,AM,074
2024-05-09,18:22,  10,PM,286
2024-05-09,06:38,  20,AM,087
2024-05-09,17:16,  20,PM,273
2024-05-09,07:43,  30,AM,100
2024-05-09,16:10,  30,PM,260
2024-05-09,08:52,  40,AM,116
2024-05-09,15:02,  40,PM,244
2024-05-09,10:14,  50,AM,140
2024-05-09,13:40,  50,PM,220
2024-05-10,04:16,   0,AM,060
2024-05-10,19:38,   0,PM,301
2024-05-10,05:30,  10,AM,074
2024-05-10,18:23,  10,PM,286
2024-05-10,06:37,  20,AM,087
2024-05-10,17:17,  20,PM,274
2024-05-10,07:42,  30,AM,100
2024-05-10,16:11,  30,PM,260
2024-05-10,08:50,  40,AM,115
2024-05-10,15:03,  40,PM,245
2024-05-10,10:11,  50,AM,139
2024-05-10,13:42,  50,PM,221
2024-05-11,04:14,   0,AM,059
2024-05-11,19:39,   0,PM,301
2024-05-11,05:29,  10,AM,074
2024-05-11,18:25,  10,PM,287
2024-05-11,06:35,  20,AM,086
2024-05-11,17:18,  20,PM,274
2024-05-11,07:40,  30,AM,099
2024-05-11,16:13,  30,PM,261
2024-05-11,08:48,  40,AM,115
2024-05-11,15:05,  40,PM,245
2024-05-11,10:09,  50,AM,138
2024-05-11,13:44,  50,PM,222
2024-05-12,04:13,   0,AM,059
2024-05-12,19:41,   0,PM,302
2024-05-12,05:27,  10,AM,073
2024-05-12,18:26,  10,PM,287
2024-05-12,06:34,  20,AM,086
2024-05-12,17:19,  20,PM,274
2024-05-12,07:39,  30,AM,099
2024-05-12,16:14,  30,PM,261
2024-05-12,08:47,  40,AM,114
2024-05-12,15:06,  40,PM,246
2024-05-12,10:07,  50,AM,137
2024-05-12,13:46,  50,PM,223
2024-05-13,04:11,   0,AM,058
2024-05-13,19:43,   0,PM,302
2024-05-13,05:26,  10,AM,073
2024-05-13,18:27,  10,PM,288
2024-05-13,06:33,  20,AM,085
2024-05-13,17:21,  20,PM,275
2024-05-13,07:38,  30,AM,098
2024-05-13,16:15,  30,PM,262
2024-05-13,08:46,  40,AM,114
2024-05-13,15:07,  40,PM,246
2024-05-13,10:05,  50,AM,136
2024-05-13,13:48,  50,PM,224
2024-05-14,04:10,   0,AM,058
2024-05-14,19:44,   0,PM,302
2024-05-14,05:25,  10,AM,072
2024-05-14,18:29,  10,PM,288
2024-05-14,06:32,  20,AM,085
2024-05-14,17:22,  20,PM,275
2024-05-14,07:37,  30,AM,098
2024-05-14,16:16,  30,PM,262
2024-05-14,08:44,  40,AM,113
2024-05-14,15:09,  40,PM,247
2024-05-14,10:03,  50,AM,136
2024-05-14,13:50,  50,PM,225
2024-05-15,04:08,   0,AM,057
2024-05-15,19:46,   0,PM,303
2024-05-15,05:24,  10,AM,072
2024-05-15,18:30,  10,PM,288
2024-05-15,06:30,  20,AM,084
2024-05-15,17:23,  20,PM,276
2024-05-15,07:36,  30,AM,098
2024-05-15,16:18,  30,PM,263
2024-05-15,08:43,  40,AM,113
2024-05-15,15:10,  40,PM,247
2024-05-15,10:01,  50,AM,135
2024-05-15,13:52,  50,PM,225
2024-05-16,04:07,   0,AM,057
2024-05-16,19:47,   0,PM,303
2024-05-16,05:22,  10,AM,071
2024-05-16,18:31,  10,PM,289
2024-05-16,06:29,  20,AM,084
2024-05-16,17:24,  20,PM,276
2024-05-16,07:34,  30,AM,097
2024-05-16,16:19,  30,PM,263
2024-05-16,08:42,  40,AM,112
2024-05-16,15:11,  40,PM,248
2024-05-16,09:59,  50,AM,134
2024-05-16,13:54,  50,PM,226
2024-05-17,04:05,   0,AM,056
2024-05-17,19:49,   0,PM,304
2024-05-17,05:21,  10,AM,071
2024-05-17,18:32,  10,PM,289
2024-05-17,06:28,  20,AM,084
2024-05-17,17:25,  20,PM,276
2024-05-17,07:33,  30,AM,097
2024-05-17,16:20,  30,PM,264
2024-05-17,08:40,  40,AM,112
2024-05-17,15:13,  40,PM,249
2024-05-17,09:57,  50,AM,133
2024-05-17,13:56,  50,PM,227
2024-05-18,04:04,   0,AM,056
2024-05-18,19:50,   0,PM,304
2024-05-18,05:20,  10,AM,071
2024-05-18,18:34,  10,PM,290
2024-05-18,06:27,  20,AM,083
2024-05-18,17:26,  20,PM,277
2024-05-18,07:32,  30,AM,096
2024-05-18,16:21,  30,PM,264
2024-05-18,08:39,  40,AM,111
2024-05-18,15:14,  40,PM,249
2024-05-18,09:56,  50,AM,133
2024-05-18,13:58,  50,PM,228
2024-05-19,04:02,   0,AM,056
2024-05-19,19:52,   0,PM,305
2024-05-19,05:19,  10,AM,070
2024-05-19,18:35,  10,PM,290
2024-05-19,06:26,  20,AM,083
2024-05-19,17:27,  20,PM,277
2024-05-19,07:31,  30,AM,096
2024-05-19,16:22,  30,PM,264
2024-05-19,08:38,  40,AM,111
2024-05-19,15:15,  40,PM,249
2024-05-19,09:54,  50,AM,132
2024-05-19,13:59,  50,PM,228
2024-05-20,04:01,   0,AM,055
2024-05-20,19:53,   0,PM,305
2024-05-20,05:18,  10,AM,070
2024-05-20,18:36,  10,PM,290
2024-05-20,06:25,  20,AM,083
2024-05-20,17:29,  20,PM,278
2024-05-20,07:30,  30,AM,095
2024-05-20,16:23,  30,PM,265
2024-05-20,08:37,  40,AM,110
2024-05-20,15:16,  40,PM,250
2024-05-20,09:53,  50,AM,131
2024-05-20,14:01,  50,PM,229
2024-05-21,04:00,   0,AM,055
2024-05-21,19:54,   0,PM,305
2024-05-21,05:17,  10,AM,070
2024-05-21,18:37,  10,PM,290
2024-05-21,06:24,  20,AM,082
2024-05-21,17:30,  20,PM,278
2024-05-21,07:29,  30,AM,095
2024-05-21,16:24,  30,PM,265
2024-05-21,08:36,  40,AM,110
2024-05-21,15:18,  40,PM,250
2024-05-21,09:51,  50,AM,130
2024-05-21,14:02,  50,PM,229
2024-05-22,03:58,   0,AM,054
2024-05-22,19:56,   0,PM,306
2024-05-22,05:16,  10,AM,069
2024-05-22,18:38,  10,PM,291
2024-05-22,06:23,  20,AM,082
2024-05-22,17:31,  20,PM,278
2024-05-22,07:28,  30,AM,095
2024-05-22,16:25,  30,PM,265
2024-05-22,08:35,  40,AM,109
2024-05-22,15:19,  40,PM,251
2024-05-22,09:50,  50,AM,130
2024-05-22,14:04,  50,PM,230
2024-05-23,03:57,   0,AM,054
2024-05-23,19:57,   0,PM,306
2024-05-23,05:15,  10,AM,069
2024-05-23,18:39,  10,PM,291
2024-05-23,06:22,  20,AM,082
2024-05-23,17:32,  20,PM,278
2024-05-23,07:28,  30,AM,095
2024-05-23,16:26,  30,PM,266
2024-05-23,08:34,  40,AM,109
2024-05-23,15:20,  40,PM,251
2024-05-23,09:48,  50,AM,129
2024-05-23,14:05,  50,PM,231
2024-05-24,03:56,   0,AM,054
2024-05-24,19:59,   0,PM,306
2024-05-24,05:14,  10,AM,069
2024-05-24,18:40,  10,PM,291
2024-05-24,06:22,  20,AM,082
2024-05-24,17:33,  20,PM,279
2024-05-24,07:27,  30,AM,094
2024-05-24,16:27,  30,PM,266
2024-05-24,08:33,  40,AM,109
2024-05-24,15:21,  40,PM,251
2024-05-24,09:47,  50,AM,129
2024-05-24,14:07,  50,PM,231
2024-05-25,03:55,   0,AM,054
2024-05-25,20:00,   0,PM,307
2024-05-25,05:13,  10,AM,068
2024-05-25,18:42,  10,PM,292
2024-05-25,06:21,  20,AM,081
2024-05-25,17:34,  20,PM,279
2024-05-25,07:26,  30,AM,094
2024-05-25,16:28,  30,PM,266
2024-05-25,08:32,  40,AM,108
2024-05-25,15:22,  40,PM,252
2024-05-25,09:46,  50,AM,128
2024-05-25,14:08,  50,PM,232
2024-05-26,03:54,   0,AM,053
2024-05-26,20:01,   0,PM,307
2024-05-26,05:12,  10,AM,068
2024-05-26,18:43,  10,PM,292
2024-05-26,06:20,  20,AM,081
2024-05-26,17:35,  20,PM,279
2024-05-26,07:25,  30,AM,093
2024-05-26,16:29,  30,PM,267
2024-05-26,08:32,  40,AM,108
2024-05-26,15:23,  40,PM,252
2024-05-26,09:45,  50,AM,128
2024-05-26,14:09,  50,PM,232
2024-05-27,03:53,   0,AM,053
2024-05-27,20:02,   0,PM,307
2024-05-27,05:11,  10,AM,068
2024-05-27,18:44,  10,PM,292
2024-05-27,06:19,  20,AM,081
2024-05-27,17:36,  20,PM,280
2024-05-27,07:25,  30,AM,093
2024-05-27,16:30,  30,PM,267
2024-05-27,08:31,  40,AM,108
2024-05-27,15:24,  40,PM,253
2024-05-27,09:44,  50,AM,127
2024-05-27,14:11,  50,PM,233
2024-05-28,03:52,   0,AM,053
2024-05-28,20:04,   0,PM,308
2024-05-28,05:11,  10,AM,068
2024-05-28,18:45,  10,PM,293
2024-05-28,06:19,  20,AM,080
2024-05-28,17:36,  20,PM,280
2024-05-28,07:24,  30,AM,093
2024-05-28,16:31,  30,PM,267
2024-05-28,08:30,  40,AM,107
2024-05-28,15:25,  40,PM,253
2024-05-28,09:43,  50,AM,127
2024-05-28,14:12,  50,PM,233
2024-05-29,03:51,   0,AM,052
2024-05-29,20:05,   0,PM,308
2024-05-29,05:10,  10,AM,067
2024-05-29,18:46,  10,PM,293
2024-05-29,06:18,  20,AM,080
2024-05-29,17:37,  20,PM,280
2024-05-29,07:23,  30,AM,093
2024-05-29,16:32,  30,PM,267
2024-05-29,08:29,  40,AM,107
2024-05-29,15:26,  40,PM,253
2024-05-29,09:42,  50,AM,126
2024-05-29,14:13,  50,PM,234
2024-05-30,03:50,   0,AM,052
2024-05-30,20:06,   0,PM,308
2024-05-30,05:09,  10,AM,067
2024-05-30,18:47,  10,PM,293
2024-05-30,06:17,  20,AM,080
2024-05-30,17:38,  20,PM,280
2024-05-30,07:23,  30,AM,092
2024-05-30,16:33,  30,PM,268
2024-05-30,08:29,  40,AM,107
2024-05-30,15:27,  40,PM,254
2024-05-30,09:41,  50,AM,126
2024-05-30,14:14,  50,PM,234
2024-05-31,03:49,   0,AM,052
2024-05-31,20:07,   0,PM,308
2024-05-31,05:09,  10,AM,067
2024-05-31,18:47,  10,PM,293
2024-05-31,06:17,  20,AM,080
2024-05-31,17:39,  20,PM,281
2024-05-31,07:22,  30,AM,092
2024-05-31,16:34,  30,PM,268
2024-05-31,08:28,  40,AM,106
2024-05-31,15:28,  40,PM,254
2024-05-31,09:40,  50,AM,125
2024-05-31,14:15,  50,PM,235
2024-05-31,11:51,  60,AM,177
2024-05-31,12:05,  60,PM,183
2024-06-01,03:48,   0,AM,051
2024-06-01,20:08,   0,PM,309
2024-06-01,05:08,  10,AM,067
2024-06-01,18:48,  10,PM,293
2024-06-01,06:16,  20,AM,079
2024-06-01,17:40,  20,PM,281
2024-06-01,07:22,  30,AM,092
2024-06-01,16:34,  30,PM,268
2024-06-01,08:28,  40,AM,106
2024-06-01,15:28,  40,PM,254
2024-06-01,09:40,  50,AM,125
2024-06-01,14:16,  50,PM,235
2024-06-01,11:42,  60,AM,173
2024-06-01,12:14,  60,PM,187
2024-06-02,03:48,   0,AM,051
2024-06-02,20:09,   0,PM,309
2024-06-02,05:07,  10,AM,066
2024-06-02,18:49,  10,PM,294
2024-06-02,06:16,  20,AM,079
2024-06-02,17:41,  20,PM,281
2024-06-02,07:21,  30,AM,092
2024-06-02,16:35,  30,PM,268
2024-06-02,08:27,  40,AM,106
2024-06-02,15:29,  40,PM,254
2024-06-02,09:39,  50,AM,125
2024-06-02,14:17,  50,PM,235
2024-06-02,11:37,  60,AM,170
2024-06-02,12:19,  60,PM,190
2024-06-03,03:47,   0,AM,051
2024-06-03,20:10,   0,PM,309
2024-06-03,05:07,  10,AM,066
2024-06-03,18:50,  10,PM,294
2024-06-03,06:15,  20,AM,079
2024-06-03,17:41,  20,PM,281
2024-06-03,07:21,  30,AM,092
2024-06-03,16:36,  30,PM,269
2024-06-03,08:27,  40,AM,106
2024-06-03,15:30,  40,PM,255
2024-06-03,09:38,  50,AM,124
2024-06-03,14:18,  50,PM,236
2024-06-03,11:33,  60,AM,168
2024-06-03,12:24,  60,PM,192
2024-06-04,03:46,   0,AM,051
2024-06-04,20:11,   0,PM,309
2024-06-04,05:06,  10,AM,066
2024-06-04,18:51,  10,PM,294
2024-06-04,06:15,  20,AM,079
2024-06-04,17:42,  20,PM,281
2024-06-04,07:20,  30,AM,091
2024-06-04,16:37,  30,PM,269
2024-06-04,08:26,  40,AM,105
2024-06-04,15:31,  40,PM,255
2024-06-04,09:38,  50,AM,124
2024-06-04,14:19,  50,PM,236
2024-06-04,11:30,  60,AM,167
2024-06-04,12:27,  60,PM,193
2024-06-05,03:46,   0,AM,051
2024-06-05,20:12,   0,PM,310
2024-06-05,05:06,  10,AM,066
2024-06-05,18:52,  10,PM,294
2024-06-05,06:15,  20,AM,079
2024-06-05,17:43,  20,PM,282
2024-06-05,07:20,  30,AM,091
2024-06-05,16:37,  30,PM,269
2024-06-05,08:26,  40,AM,105
2024-06-05,15:32,  40,PM,255
2024-06-05,09:37,  50,AM,124
2024-06-05,14:20,  50,PM,236
2024-06-05,11:27,  60,AM,165
2024-06-05,12:30,  60,PM,195
2024-06-06,03:45,   0,AM,050
2024-06-06,20:13,   0,PM,310
2024-06-06,05:05,  10,AM,066
2024-06-06,18:52,  10,PM,294
2024-06-06,06:14,  20,AM,078
2024-06-06,17:44,  20,PM,282
2024-06-06,07:20,  30,AM,091
2024-06-06,16:38,  30,PM,269
2024-06-06,08:25,  40,AM,105
2024-06-06,15:32,  40,PM,255
2024-06-06,09:37,  50,AM,124
2024-06-06,14:21,  50,PM,237
2024-06-06,11:25,  60,AM,164
2024-06-06,12:33,  60,PM,196
2024-06-07,03:44,   0,AM,050
2024-06-07,20:14,   0,PM,310
2024-06-07,05:05,  10,AM,066
2024-06-07,18:53,  10,PM,295
2024-06-07,06:14,  20,AM,078
2024-06-07,17:44,  20,PM,282
2024-06-07,07:19,  30,AM,091
2024-06-07,16:39,  30,PM,269
2024-06-07,08:25,  40,AM,105
2024-06-07,15:33,  40,PM,255
2024-06-07,09:36,  50,AM,123
2024-06-07,14:22,  50,PM,237
2024-06-07,11:23,  60,AM,163
2024-06-07,12:35,  60,PM,197
2024-06-08,03:44,   0,AM,050
2024-06-08,20:15,   0,PM,310
2024-06-08,05:05,  10,AM,065
2024-06-08,18:54,  10,PM,295
2024-06-08,06:14,  20,AM,078
2024-06-08,17:45,  20,PM,282
2024-06-08,07:19,  30,AM,091
2024-06-08,16:39,  30,PM,269
2024-06-08,08:25,  40,AM,105
2024-06-08,15:34,  40,PM,256
2024-06-08,09:36,  50,AM,123
2024-06-08,14:23,  50,PM,237
2024-06-08,11:21,  60,AM,162
2024-06-08,12:37,  60,PM,198
2024-06-09,03:44,   0,AM,050
2024-06-09,20:16,   0,PM,310
2024-06-09,05:05,  10,AM,065
2024-06-09,18:54,  10,PM,295
2024-06-09,06:13,  20,AM,078
2024-06-09,17:45,  20,PM,282
2024-06-09,07:19,  30,AM,090
2024-06-09,16:40,  30,PM,270
2024-06-09,08:25,  40,AM,104
2024-06-09,15:34,  40,PM,256
2024-06-09,09:36,  50,AM,123
2024-06-09,14:23,  50,PM,237
2024-06-09,11:20,  60,AM,162
2024-06-09,12:39,  60,PM,198
2024-06-10,03:43,   0,AM,050
2024-06-10,20:16,   0,PM,310
2024-06-10,05:04,  10,AM,065
2024-06-10,18:55,  10,PM,295
2024-06-10,06:13,  20,AM,078
2024-06-10,17:46,  20,PM,282
2024-06-10,07:19,  30,AM,090
2024-06-10,16:40,  30,PM,270
2024-06-10,08:25,  40,AM,104
2024-06-10,15:35,  40,PM,256
2024-06-10,09:35,  50,AM,122
2024-06-10,14:24,  50,PM,238
2024-06-10,11:19,  60,AM,161
2024-06-10,12:41,  60,PM,199
2024-06-11,03:43,   0,AM,050
2024-06-11,20:17,   0,PM,311
2024-06-11,05:04,  10,AM,065
2024-06-11,18:56,  10,PM,295
2024-06-11,06:13,  20,AM,078
2024-06-11,17:47,  20,PM,282
2024-06-11,07:19,  30,AM,090
2024-06-11,16:41,  30,PM,270
2024-06-11,08:24,  40,AM,104
2024-06-11,15:35,  40,PM,256
2024-06-11,09:35,  50,AM,122
2024-06-11,14:25,  50,PM,238
2024-06-11,11:18,  60,AM,161
2024-06-11,12:42,  60,PM,200
2024-06-12,03:43,   0,AM,049
2024-06-12,20:18,   0,PM,311
2024-06-12,05:04,  10,AM,065
2024-06-12,18:56,  10,PM,295
2024-06-12,06:13,  20,AM,078
2024-06-12,17:47,  20,PM,282
2024-06-12,07:19,  30,AM,090
2024-06-12,16:41,  30,PM,270
2024-06-12,08:24,  40,AM,104
2024-06-12,15:36,  40,PM,256
2024-06-12,09:35,  50,AM,122
2024-06-12,14:25,  50,PM,238
2024-06-12,11:17,  60,AM,160
2024-06-12,12:43,  60,PM,200
2024-06-13,03:42,   0,AM,049
2024-06-13,20:18,   0,PM,311
2024-06-13,05:04,  10,AM,065
2024-06-13,18:57,  10,PM,295
2024-06-13,06:13,  20,AM,078
2024-06-13,17:48,  20,PM,283
2024-06-13,07:19,  30,AM,090
2024-06-13,16:42,  30,PM,270
2024-06-13,08:24,  40,AM,104
2024-06-13,15:36,  40,PM,256
2024-06-13,09:35,  50,AM,122
2024-06-13,14:26,  50,PM,238
2024-06-13,11:16,  60,AM,159
2024-06-13,12:45,  60,PM,201
2024-06-14,03:42,   0,AM,049
2024-06-14,20:19,   0,PM,311
2024-06-14,05:04,  10,AM,065
2024-06-14,18:57,  10,PM,295
2024-06-14,06:13,  20,AM,077
2024-06-14,17:48,  20,PM,283
2024-06-14,07:19,  30,AM,090
2024-06-14,16:42,  30,PM,270
2024-06-14,08:24,  40,AM,104
2024-06-14,15:37,  40,PM,256
2024-06-14,09:35,  50,AM,122
2024-06-14,14:26,  50,PM,238
2024-06-14,11:15,  60,AM,159
2024-06-14,12:46,  60,PM,201
2024-06-15,03:42,   0,AM,049
2024-06-15,20:19,   0,PM,311
2024-06-15,05:04,  10,AM,065
2024-06-15,18:58,  10,PM,295
2024-06-15,06:13,  20,AM,077
2024-06-15,17:48,  20,PM,283
2024-06-15,07:19,  30,AM,090
2024-06-15,16:43,  30,PM,270
2024-06-15,08:24,  40,AM,104
2024-06-15,15:37,  40,PM,256
2024-06-15,09:35,  50,AM,122
2024-06-15,14:27,  50,PM,238
2024-06-15,11:15,  60,AM,159
2024-06-15,12:47,  60,PM,202
2024-06-16,03:42,   0,AM,049
2024-06-16,20:20,   0,PM,311
2024-06-16,05:04,  10,AM,065
2024-06-16,18:58,  10,PM,295
2024-06-16,06:13,  20,AM,077
2024-06-16,17:49,  20,PM,283
2024-06-16,07:19,  30,AM,090
2024-06-16,16:43,  30,PM,270
2024-06-16,08:24,  40,AM,104
2024-06-16,15:38,  40,PM,257
2024-06-16,09:35,  50,AM,122
2024-06-16,14:27,  50,PM,238
2024-06-16,11:14,  60,AM,158
2024-06-16,12:47,  60,PM,202
2024-06-17,03:42,   0,AM,049
2024-06-17,20:20,   0,PM,311
2024-06-17,05:04,  10,AM,065
2024-06-17,18:58,  10,PM,295
2024-06-17,06:13,  20,AM,077
2024-06-17,17:49,  20,PM,283
2024-06-17,07:19,  30,AM,090
2024-06-17,16:43,  30,PM,270
2024-06-17,08:24,  40,AM,103
2024-06-17,15:38,  40,PM,257
2024-06-17,09:35,  50,AM,122
2024-06-17,14:27,  50,PM,238
2024-06-17,11:14,  60,AM,158
2024-06-17,12:48,  60,PM,202
2024-06-18,03:42,   0,AM,049
2024-06-18,20:20,   0,PM,311
2024-06-18,05:04,  10,AM,065
2024-06-18,18:59,  10,PM,296
2024-06-18,06:13,  20,AM,077
2024-06-18,17:49,  20,PM,283
2024-06-18,07:19,  30,AM,090
2024-06-18,16:44,  30,PM,270
2024-06-18,08:24,  40,AM,103
2024-06-18,15:38,  40,PM,257
2024-06-18,09:35,  50,AM,122
2024-06-18,14:28,  50,PM,239
2024-06-18,11:14,  60,AM,158
2024-06-18,12:48,  60,PM,202
2024-06-19,03:42,   0,AM,049
2024-06-19,20:21,   0,PM,311
2024-06-19,05:04,  10,AM,064
2024-06-19,18:59,  10,PM,296
2024-06-19,06:13,  20,AM,077
2024-06-19,17:50,  20,PM,283
2024-06-19,07:19,  30,AM,090
2024-06-19,16:44,  30,PM,270
2024-06-19,08:25,  40,AM,104
2024-06-19,15:38,  40,PM,256
2024-06-19,09:35,  50,AM,122
2024-06-19,14:28,  50,PM,238
2024-06-19,11:14,  60,AM,158
2024-06-19,12:49,  60,PM,202
2024-06-20,03:42,   0,AM,049
2024-06-20,20:21,   0,PM,311
2024-06-20,05:04,  10,AM,064
2024-06-20,18:59,  10,PM,295
2024-06-20,06:13,  20,AM,077
2024-06-20,17:50,  20,PM,283
2024-06-20,07:19,  30,AM,090
2024-06-20,16:44,  30,PM,270
2024-06-20,08:25,  40,AM,103
2024-06-20,15:39,  40,PM,257
2024-06-20,09:35,  50,AM,121
2024-06-20,14:28,  50,PM,238
2024-06-20,11:14,  60,AM,158
2024-06-20,12:49,  60,PM,202
2024-06-21,03:43,   0,AM,049
2024-06-21,20:21,   0,PM,311
2024-06-21,05:04,  10,AM,064
2024-06-21,18:59,  10,PM,295
2024-06-21,06:14,  20,AM,077
2024-06-21,17:50,  20,PM,283
2024-06-21,07:19,  30,AM,090
2024-06-21,16:44,  30,PM,270
2024-06-21,08:25,  40,AM,103
2024-06-21,15:39,  40,PM,257
2024-06-21,09:35,  50,AM,121
2024-06-21,14:29,  50,PM,239
2024-06-21,11:14,  60,AM,158
2024-06-21,12:49,  60,PM,202
2024-06-22,03:43,   0,AM,049
2024-06-22,20:21,   0,PM,311
2024-06-22,05:05,  10,AM,065
2024-06-22,19:00,  10,PM,296
2024-06-22,06:14,  20,AM,077
2024-06-22,17:50,  20,PM,283
2024-06-22,07:20,  30,AM,090
2024-06-22,16:45,  30,PM,270
2024-06-22,08:25,  40,AM,103
2024-06-22,15:39,  40,PM,257
2024-06-22,09:36,  50,AM,122
2024-06-22,14:29,  50,PM,239
2024-06-22,11:15,  60,AM,158
2024-06-22,12:50,  60,PM,202
2024-06-23,03:43,   0,AM,049
2024-06-23,20:21,   0,PM,311
2024-06-23,05:05,  10,AM,065
2024-06-23,19:00,  10,PM,296
2024-06-23,06:14,  20,AM,077
2024-06-23,17:50,  20,PM,283
2024-06-23,07:20,  30,AM,090
2024-06-23,16:45,  30,PM,270
2024-06-23,08:25,  40,AM,103
2024-06-23,15:39,  40,PM,256
2024-06-23,09:36,  50,AM,122
2024-06-23,14:29,  50,PM,239
2024-06-23,11:15,  60,AM,158
2024-06-23,12:49,  60,PM,202
2024-06-24,03:44,   0,AM,049
2024-06-24,20:21,   0,PM,311
2024-06-24,05:05,  10,AM,064
2024-06-24,19:00,  10,PM,295
2024-06-24,06:15,  20,AM,077
2024-06-24,17:51,  20,PM,283
2024-06-24,07:20,  30,AM,090
2024-06-24,16:45,  30,PM,270
2024-06-24,08:26,  40,AM,104
2024-06-24,15:39,  40,PM,256
2024-06-24,09:36,  50,AM,122
2024-06-24,14:29,  50,PM,238
2024-06-24,11:16,  60,AM,158
2024-06-24,12:49,  60,PM,202
2024-06-25,03:44,   0,AM,049
2024-06-25,20:21,   0,PM,311
2024-06-25,05:06,  10,AM,065
2024-06-25,19:00,  10,PM,295
2024-06-25,06:15,  20,AM,077
2024-06-25,17:51,  20,PM,283
2024-06-25,07:21,  30,AM,090
2024-06-25,16:45,  30,PM,270
2024-06-25,08:26,  40,AM,104
2024-06-25,15:39,  40,PM,256
2024-06-25,09:37,  50,AM,122
2024-06-25,14:29,  50,PM,238
2024-06-25,11:16,  60,AM,158
2024-06-25,12:49,  60,PM,202
2024-06-26,03:44,   0,AM,049
2024-06-26,20:21,   0,PM,311
2024-06-26,05:06,  10,AM,065
2024-06-26,19:00,  10,PM,295
2024-06-26,06:15,  20,AM,077
2024-06-26,17:51,  20,PM,283
2024-06-26,07:21,  30,AM,090
2024-06-26,16:45,  30,PM,270
2024-06-26,08:27,  40,AM,104
2024-06-26,15:39,  40,PM,256
2024-06-26,09:37,  50,AM,122
2024-06-26,14:29,  50,PM,238
2024-06-26,11:17,  60,AM,159
2024-06-26,12:49,  60,PM,201
2024-06-27,03:45,   0,AM,049
2024-06-27,20:21,   0,PM,311
2024-06-27,05:06,  10,AM,065
2024-06-27,19:00,  10,PM,295
2024-06-27,06:16,  20,AM,078
2024-06-27,17:51,  20,PM,283
2024-06-27,07:21,  30,AM,090
2024-06-27,16:45,  30,PM,270
2024-06-27,08:27,  40,AM,104
2024-06-27,15:39,  40,PM,256
2024-06-27,09:37,  50,AM,122
2024-06-27,14:29,  50,PM,238
2024-06-27,11:18,  60,AM,159
2024-06-27,12:48,  60,PM,201
2024-06-28,03:45,   0,AM,049
2024-06-28,20:21,   0,PM,311
2024-06-28,05:07,  10,AM,065
2024-06-28,19:00,  10,PM,295
2024-06-28,06:16,  20,AM,078
2024-06-28,17:51,  20,PM,283
2024-06-28,07:22,  30,AM,090
2024-06-28,16:45,  30,PM,270
2024-06-28,08:27,  40,AM,104
2024-06-28,15:39,  40,PM,256
2024-06-28,09:38,  50,AM,122
2024-06-28,14:29,  50,PM,238
2024-06-28,11:19,  60,AM,159
2024-06-28,12:47,  60,PM,200
2024-06-29,03:46,   0,AM,049
2024-06-29,20:21,   0,PM,311
2024-06-29,05:07,  10,AM,065
2024-06-29,19:00,  10,PM,295
2024-06-29,06:17,  20,AM,078
2024-06-29,17:50,  20,PM,282
2024-06-29,07:22,  30,AM,090
2024-06-29,16:45,  30,PM,270
2024-06-29,08:28,  40,AM,104
2024-06-29,15:39,  40,PM,256
2024-06-29,09:39,  50,AM,122
2024-06-29,14:29,  50,PM,238
2024-06-29,11:20,  60,AM,160
2024-06-29,12:47,  60,PM,200
2024-06-30,03:47,   0,AM,050
2024-06-30,20:21,   0,PM,311
2024-06-30,05:08,  10,AM,065
2024-06-30,18:59,  10,PM,295
2024-06-30,06:17,  20,AM,078
2024-06-30,17:50,  20,PM,282
2024-06-30,07:23,  30,AM,090
2024-06-30,16:45,  30,PM,270
2024-06-30,08:28,  40,AM,104
2024-06-30,15:39,  40,PM,256
2024-06-30,09:39,  50,AM,122
2024-06-30,14:28,  50,PM,238
2024-06-30,11:22,  60,AM,161
2024-06-30,12:46,  60,PM,200
2024-07-01,03:47,   0,AM,050
2024-07-01,20:20,   0,PM,310
2024-07-01,05:09,  10,AM,065
2024-07-01,18:59,  10,PM,295
2024-07-01,06:18,  20,AM,078
2024-07-01,17:50,  20,PM,282
2024-07-01,07:23,  30,AM,090
2024-07-01,16:45,  30,PM,270
2024-07-01,08:29,  40,AM,104
2024-07-01,15:39,  40,PM,256
2024-07-01,09:40,  50,AM,123
2024-07-01,14:28,  50,PM,237
2024-07-01,11:23,  60,AM,161
2024-07-01,12:45,  60,PM,199
2024-07-02,03:48,   0,AM,050
2024-07-02,20:20,   0,PM,310
2024-07-02,05:09,  10,AM,065
2024-07-02,18:59,  10,PM,295
2024-07-02,06:18,  20,AM,078
2024-07-02,17:50,  20,PM,282
2024-07-02,07:24,  30,AM,090
2024-07-02,16:44,  30,PM,269
2024-07-02,08:29,  40,AM,104
2024-07-02,15:39,  40,PM,256
2024-07-02,09:40,  50,AM,123
2024-07-02,14:28,  50,PM,237
2024-07-02,11:25,  60,AM,162
2024-07-02,12:43,  60,PM,198
2024-07-03,03:49,   0,AM,050
2024-07-03,20:19,   0,PM,310
2024-07-03,05:10,  10,AM,065
2024-07-03,18:59,  10,PM,295
2024-07-03,06:19,  20,AM,078
2024-07-03,17:50,  20,PM,282
2024-07-03,07:24,  30,AM,091
2024-07-03,16:44,  30,PM,269
2024-07-03,08:30,  40,AM,104
2024-07-03,15:39,  40,PM,256
2024-07-03,09:41,  50,AM,123
2024-07-03,14:27,  50,PM,237
2024-07-03,11:27,  60,AM,163
2024-07-03,12:42,  60,PM,198
2024-07-04,03:50,   0,AM,050
2024-07-04,20:19,   0,PM,310
2024-07-04,05:11,  10,AM,066
2024-07-04,18:58,  10,PM,294
2024-07-04,06:19,  20,AM,078
2024-07-04,17:49,  20,PM,282
2024-07-04,07:25,  30,AM,091
2024-07-04,16:44,  30,PM,269
2024-07-04,08:31,  40,AM,105
2024-07-04,15:38,  40,PM,255
2024-07-04,09:42,  50,AM,123
2024-07-04,14:27,  50,PM,237
2024-07-04,11:29,  60,AM,163
2024-07-04,12:40,  60,PM,197
2024-07-05,03:51,   0,AM,050
2024-07-05,20:18,   0,PM,310
2024-07-05,05:11,  10,AM,066
2024-07-05,18:58,  10,PM,294
2024-07-05,06:20,  20,AM,078
2024-07-05,17:49,  20,PM,282
2024-07-05,07:26,  30,AM,091
2024-07-05,16:44,  30,PM,269
2024-07-05,08:31,  40,AM,105
2024-07-05,15:38,  40,PM,255
2024-07-05,09:43,  50,AM,124
2024-07-05,14:27,  50,PM,237
2024-07-05,11:31,  60,AM,164
2024-07-05,12:38,  60,PM,195
2024-07-06,03:51,   0,AM,050
2024-07-06,20:18,   0,PM,309
2024-07-06,05:12,  10,AM,066
2024-07-06,18:57,  10,PM,294
2024-07-06,06:21,  20,AM,079
2024-07-06,17:49,  20,PM,281
2024-07-06,07:26,  30,AM,091
2024-07-06,16:43,  30,PM,269
2024-07-06,08:32,  40,AM,105
2024-07-06,15:38,  40,PM,255
2024-07-06,09:44,  50,AM,124
2024-07-06,14:26,  50,PM,236
2024-07-06,11:34,  60,AM,166
2024-07-06,12:36,  60,PM,194
2024-07-07,03:52,   0,AM,051
2024-07-07,20:17,   0,PM,309
2024-07-07,05:13,  10,AM,066
2024-07-07,18:57,  10,PM,294
2024-07-07,06:21,  20,AM,079
2024-07-07,17:48,  20,PM,281
2024-07-07,07:27,  30,AM,091
2024-07-07,16:43,  30,PM,269
2024-07-07,08:33,  40,AM,105
2024-07-07,15:37,  40,PM,255
2024-07-07,09:44,  50,AM,124
2024-07-07,14:26,  50,PM,236
2024-07-07,11:37,  60,AM,167
2024-07-07,12:33,  60,PM,193
2024-07-08,03:53,   0,AM,051
2024-07-08,20:16,   0,PM,309
2024-07-08,05:14,  10,AM,066
2024-07-08,18:56,  10,PM,294
2024-07-08,06:22,  20,AM,079
2024-07-08,17:48,  20,PM,281
2024-07-08,07:28,  30,AM,092
2024-07-08,16:43,  30,PM,269
2024-07-08,08:34,  40,AM,106
2024-07-08,15:37,  40,PM,254
2024-07-08,09:45,  50,AM,124
2024-07-08,14:25,  50,PM,236
2024-07-08,11:41,  60,AM,169
2024-07-08,12:30,  60,PM,192
2024-07-09,03:54,   0,AM,051
2024-07-09,20:16,   0,PM,309
2024-07-09,05:14,  10,AM,066
2024-07-09,18:56,  10,PM,293
2024-07-09,06:23,  20,AM,079
2024-07-09,17:47,  20,PM,281
2024-07-09,07:28,  30,AM,092
2024-07-09,16:42,  30,PM,268
2024-07-09,08:34,  40,AM,106
2024-07-09,15:36,  40,PM,254
2024-07-09,09:46,  50,AM,125
2024-07-09,14:24,  50,PM,235
2024-07-09,11:45,  60,AM,171
2024-07-09,12:25,  60,PM,189
2024-07-10,03:55,   0,AM,051
2024-07-10,20:15,   0,PM,308
2024-07-10,05:15,  10,AM,067
2024-07-10,18:55,  10,PM,293
2024-07-10,06:24,  20,AM,079
2024-07-10,17:47,  20,PM,281
2024-07-10,07:29,  30,AM,092
2024-07-10,16:42,  30,PM,268
2024-07-10,08:35,  40,AM,106
2024-07-10,15:36,  40,PM,254
2024-07-10,09:47,  50,AM,125
2024-07-10,14:24,  50,PM,235
2024-07-10,11:51,  60,AM,173
2024-07-10,12:20,  60,PM,187
2024-07-11,03:57,   0,AM,052
2024-07-11,20:14,   0,PM,308
2024-07-11,05:16,  10,AM,067
2024-07-11,18:55,  10,PM,293
2024-07-11,06:24,  20,AM,079
2024-07-11,17:46,  20,PM,280
2024-07-11,07:30,  30,AM,092
2024-07-11,16:41,  30,PM,268
2024-07-11,08:36,  40,AM,106
2024-07-11,15:35,  40,PM,254
2024-07-11,09:48,  50,AM,125
2024-07-11,14:23,  50,PM,235
2024-07-11,12:04,  60,AM,179
2024-07-11,12:08,  60,PM,181
2024-07-12,03:58,   0,AM,052
2024-07-12,20:13,   0,PM,308
2024-07-12,05:17,  10,AM,067
2024-07-12,18:54,  10,PM,293
2024-07-12,06:25,  20,AM,080
2024-07-12,17:46,  20,PM,280
2024-07-12,07:31,  30,AM,092
2024-07-12,16:40,  30,PM,267
2024-07-12,08:37,  40,AM,107
2024-07-12,15:34,  40,PM,253
2024-07-12,09:49,  50,AM,126
2024-07-12,14:22,  50,PM,234
2024-07-13,03:59,   0,AM,052
2024-07-13,20:12,   0,PM,308
2024-07-13,05:18,  10,AM,067
2024-07-13,18:53,  10,PM,292
2024-07-13,06:26,  20,AM,080
2024-07-13,17:45,  20,PM,280
2024-07-13,07:32,  30,AM,093
2024-07-13,16:40,  30,PM,267
2024-07-13,08:38,  40,AM,107
2024-07-13,15:34,  40,PM,253
2024-07-13,09:50,  50,AM,126
2024-07-13,14:21,  50,PM,234
2024-07-14,04:00,   0,AM,052
2024-07-14,20:11,   0,PM,307
2024-07-14,05:19,  10,AM,068
2024-07-14,18:53,  10,PM,292
2024-07-14,06:27,  20,AM,080
2024-07-14,17:45,  20,PM,280
2024-07-14,07:32,  30,AM,093
2024-07-14,16:39,  30,PM,267
2024-07-14,08:39,  40,AM,107
2024-07-14,15:33,  40,PM,253
2024-07-14,09:52,  50,AM,127
2024-07-14,14:20,  50,PM,233
2024-07-15,04:01,   0,AM,053
2024-07-15,20:10,   0,PM,307
2024-07-15,05:20,  10,AM,068
2024-07-15,18:52,  10,PM,292
2024-07-15,06:28,  20,AM,081
2024-07-15,17:44,  20,PM,279
2024-07-15,07:33,  30,AM,093
2024-07-15,16:39,  30,PM,267
2024-07-15,08:40,  40,AM,108
2024-07-15,15:32,  40,PM,252
2024-07-15,09:53,  50,AM,127
2024-07-15,14:19,  50,PM,233
2024-07-16,04:02,   0,AM,053
2024-07-16,20:09,   0,PM,307
2024-07-16,05:21,  10,AM,068
2024-07-16,18:51,  10,PM,292
2024-07-16,06:29,  20,AM,081
2024-07-16,17:43,  20,PM,279
2024-07-16,07:34,  30,AM,093
2024-07-16,16:38,  30,PM,266
2024-07-16,08:40,  40,AM,108
2024-07-16,15:32,  40,PM,252
2024-07-16,09:54,  50,AM,128
2024-07-16,14:18,  50,PM,232
2024-07-17,04:04,   0,AM,053
2024-07-17,20:08,   0,PM,306
2024-07-17,05:22,  10,AM,068
2024-07-17,18:50,  10,PM,291
2024-07-17,06:30,  20,AM,081
2024-07-17,17:42,  20,PM,279
2024-07-17,07:35,  30,AM,094
2024-07-17,16:37,  30,PM,266
2024-07-17,08:41,  40,AM,108
2024-07-17,15:31,  40,PM,252
2024-07-17,09:55,  50,AM,128
2024-07-17,14:17,  50,PM,232
2024-07-18,04:05,   0,AM,054
2024-07-18,20:07,   0,PM,306
2024-07-18,05:23,  10,AM,069
2024-07-18,18:49,  10,PM,291
2024-07-18,06:31,  20,AM,081
2024-07-18,17:41,  20,PM,278
2024-07-18,07:36,  30,AM,094
2024-07-18,16:36,  30,PM,266
2024-07-18,08:43,  40,AM,109
2024-07-18,15:30,  40,PM,251
2024-07-18,09:57,  50,AM,129
2024-07-18,14:16,  50,PM,231
2024-07-19,04:06,   0,AM,054
2024-07-19,20:06,   0,PM,306
2024-07-19,05:24,  10,AM,069
2024-07-19,18:48,  10,PM,291
2024-07-19,06:32,  20,AM,082
2024-07-19,17:41,  20,PM,278
2024-07-19,07:37,  30,AM,094
2024-07-19,16:35,  30,PM,265
2024-07-19,08:44,  40,AM,109
2024-07-19,15:29,  40,PM,251
2024-07-19,09:58,  50,AM,129
2024-07-19,14:15,  50,PM,231
2024-07-20,04:08,   0,AM,054
2024-07-20,20:04,   0,PM,305
2024-07-20,05:25,  10,AM,069
2024-07-20,18:47,  10,PM,291
2024-07-20,06:33,  20,AM,082
2024-07-20,17:40,  20,PM,278
2024-07-20,07:38,  30,AM,095
2024-07-20,16:35,  30,PM,265
2024-07-20,08:45,  40,AM,109
2024-07-20,15:28,  40,PM,251
2024-07-20,09:59,  50,AM,130
2024-07-20,14:13,  50,PM,230
2024-07-21,04:09,   0,AM,055
2024-07-21,20:03,   0,PM,305
2024-07-21,05:26,  10,AM,070
2024-07-21,18:46,  10,PM,290
2024-07-21,06:34,  20,AM,082
2024-07-21,17:39,  20,PM,278
2024-07-21,07:39,  30,AM,095
2024-07-21,16:34,  30,PM,265
2024-07-21,08:46,  40,AM,110
2024-07-21,15:27,  40,PM,250
2024-07-21,10:01,  50,AM,131
2024-07-21,14:12,  50,PM,229
2024-07-22,04:10,   0,AM,055
2024-07-22,20:02,   0,PM,305
2024-07-22,05:27,  10,AM,070
2024-07-22,18:45,  10,PM,290
2024-07-22,06:35,  20,AM,083
2024-07-22,17:38,  20,PM,277
2024-07-22,07:40,  30,AM,095
2024-07-22,16:33,  30,PM,265
2024-07-22,08:47,  40,AM,110
2024-07-22,15:26,  40,PM,250
2024-07-22,10:02,  50,AM,131
2024-07-22,14:10,  50,PM,229
2024-07-23,04:12,   0,AM,056
2024-07-23,20:00,   0,PM,304
2024-07-23,05:28,  10,AM,070
2024-07-23,18:44,  10,PM,290
2024-07-23,06:36,  20,AM,083
2024-07-23,17:37,  20,PM,277
2024-07-23,07:41,  30,AM,096
2024-07-23,16:32,  30,PM,264
2024-07-23,08:48,  40,AM,111
2024-07-23,15:25,  40,PM,249
2024-07-23,10:04,  50,AM,132
2024-07-23,14:09,  50,PM,228
2024-07-24,04:13,   0,AM,056
2024-07-24,19:59,   0,PM,304
2024-07-24,05:30,  10,AM,071
2024-07-24,18:43,  10,PM,289
2024-07-24,06:37,  20,AM,083
2024-07-24,17:36,  20,PM,277
2024-07-24,07:42,  30,AM,096
2024-07-24,16:31,  30,PM,264
2024-07-24,08:49,  40,AM,111
2024-07-24,15:24,  40,PM,249
2024-07-24,10:06,  50,AM,133
2024-07-24,14:07,  50,PM,227
2024-07-25,04:14,   0,AM,056
2024-07-25,19:58,   0,PM,304
2024-07-25,05:31,  10,AM,071
2024-07-25,18:42,  10,PM,289
2024-07-25,06:38,  20,AM,084
2024-07-25,17:35,  20,PM,276
2024-07-25,07:43,  30,AM,096
2024-07-25,16:30,  30,PM,263
2024-07-25,08:50,  40,AM,111
2024-07-25,15:22,  40,PM,248
2024-07-25,10:07,  50,AM,133
2024-07-25,14:06,  50,PM,227
2024-07-26,04:16,   0,AM,057
2024-07-26,19:56,   0,PM,303
2024-07-26,05:32,  10,AM,071
2024-07-26,18:40,  10,PM,288
2024-07-26,06:39,  20,AM,084
2024-07-26,17:34,  20,PM,276
2024-07-26,07:44,  30,AM,097
2024-07-26,16:28,  30,PM,263
2024-07-26,08:52,  40,AM,112
2024-07-26,15:21,  40,PM,248
2024-07-26,10:09,  50,AM,134
2024-07-26,14:04,  50,PM,226
2024-07-27,04:17,   0,AM,057
2024-07-27,19:55,   0,PM,303
2024-07-27,05:33,  10,AM,072
2024-07-27,18:39,  10,PM,288
2024-07-27,06:40,  20,AM,084
2024-07-27,17:32,  20,PM,275
2024-07-27,07:45,  30,AM,097
2024-07-27,16:27,  30,PM,262
2024-07-27,08:53,  40,AM,113
2024-07-27,15:20,  40,PM,247
2024-07-27,10:11,  50,AM,135
2024-07-27,14:02,  50,PM,225
2024-07-28,04:19,   0,AM,058
2024-07-28,19:53,   0,PM,302
2024-07-28,05:34,  10,AM,072
2024-07-28,18:38,  10,PM,288
2024-07-28,06:41,  20,AM,085
2024-07-28,17:31,  20,PM,275
2024-07-28,07:47,  30,AM,098
2024-07-28,16:26,  30,PM,262
2024-07-28,08:54,  40,AM,113
2024-07-28,15:19,  40,PM,247
2024-07-28,10:13,  50,AM,135
2024-07-28,14:00,  50,PM,224
2024-07-29,04:20,   0,AM,058
2024-07-29,19:52,   0,PM,302
2024-07-29,05:36,  10,AM,073
2024-07-29,18:37,  10,PM,287
2024-07-29,06:42,  20,AM,085
2024-07-29,17:30,  20,PM,275
2024-07-29,07:48,  30,AM,098
2024-07-29,16:25,  30,PM,262
2024-07-29,08:55,  40,AM,113
2024-07-29,15:17,  40,PM,246
2024-07-29,10:15,  50,AM,136
2024-07-29,13:58,  50,PM,224
2024-07-30,04:22,   0,AM,058
2024-07-30,19:50,   0,PM,301
2024-07-30,05:37,  10,AM,073
2024-07-30,18:35,  10,PM,287
2024-07-30,06:44,  20,AM,086
2024-07-30,17:29,  20,PM,274
2024-07-30,07:49,  30,AM,099
2024-07-30,16:24,  30,PM,261
2024-07-30,08:57,  40,AM,114
2024-07-30,15:16,  40,PM,246
2024-07-30,10:17,  50,AM,137
2024-07-30,13:56,  50,PM,223
2024-07-31,04:23,   0,AM,059
2024-07-31,19:48,   0,PM,301
2024-07-31,05:38,  10,AM,073
2024-07-31,18:34,  10,PM,287
2024-07-31,06:45,  20,AM,086
2024-07-31,17:27,  20,PM,274
2024-07-31,07:50,  30,AM,099
2024-07-31,16:22,  30,PM,261
2024-07-31,08:58,  40,AM,115
2024-07-31,15:14,  40,PM,245
2024-07-31,10:19,  50,AM,138
2024-07-31,13:54,  50,PM,222
2024-08-01,04:25,   0,AM,059
2024-08-01,19:47,   0,PM,300
2024-08-01,05:39,  10,AM,074
2024-08-01,18:32,  10,PM,286
2024-08-01,06:46,  20,AM,086
2024-08-01,17:26,  20,PM,273
2024-08-01,07:51,  30,AM,099
2024-08-01,16:21,  30,PM,260
2024-08-01,09:00,  40,AM,115
2024-08-01,15:13,  40,PM,245
2024-08-01,10:21,  50,AM,139
2024-08-01,13:51,  50,PM,221
2024-08-02,04:26,   0,AM,060
2024-08-02,19:45,   0,PM,300
2024-08-02,05:41,  10,AM,074
2024-08-02,18:31,  10,PM,286
2024-08-02,06:47,  20,AM,087
2024-08-02,17:25,  20,PM,273
2024-08-02,07:53,  30,AM,100
2024-08-02,16:19,  30,PM,260
2024-08-02,09:01,  40,AM,116
2024-08-02,15:11,  40,PM,244
2024-08-02,10:23,  50,AM,140
2024-08-02,13:49,  50,PM,220
2024-08-03,04:28,   0,AM,060
2024-08-03,19:43,   0,PM,299
2024-08-03,05:42,  10,AM,075
2024-08-03,18:30,  10,PM,285
2024-08-03,06:48,  20,AM,087
2024-08-03,17:23,  20,PM,273
2024-08-03,07:54,  30,AM,100
2024-08-03,16:18,  30,PM,259
2024-08-03,09:02,  40,AM,116
2024-08-03,15:09,  40,PM,243
2024-08-03,10:25,  50,AM,141
2024-08-03,13:46,  50,PM,219
2024-08-04,04:30,   0,AM,061
2024-08-04,19:42,   0,PM,299
2024-08-04,05:43,  10,AM,075
2024-08-04,18:28,  10,PM,285
2024-08-04,06:50,  20,AM,088
2024-08-04,17:22,  20,PM,272
2024-08-04,07:55,  30,AM,101
2024-08-04,16:17,  30,PM,259
2024-08-04,09:04,  40,AM,117
2024-08-04,15:08,  40,PM,243
2024-08-04,10:28,  50,AM,142
2024-08-04,13:44,  50,PM,218
2024-08-05,04:31,   0,AM,061
2024-08-05,19:40,   0,PM,299
2024-08-05,05:45,  10,AM,075
2024-08-05,18:26,  10,PM,284
2024-08-05,06:51,  20,AM,088
2024-08-05,17:20,  20,PM,272
2024-08-05,07:56,  30,AM,101
2024-08-05,16:15,  30,PM,258
2024-08-05,09:05,  40,AM,117
2024-08-05,15:06,  40,PM,242
2024-08-05,10:30,  50,AM,143
2024-08-05,13:41,  50,PM,217
2024-08-06,04:33,   0,AM,062
2024-08-06,19:38,   0,PM,298
2024-08-06,05:46,  10,AM,076
2024-08-06,18:25,  10,PM,284
2024-08-06,06:52,  20,AM,089
2024-08-06,17:19,  20,PM,271
2024-08-06,07:58,  30,AM,102
2024-08-06,16:14,  30,PM,258
2024-08-06,09:07,  40,AM,118
2024-08-06,15:04,  40,PM,242
2024-08-06,10:33,  50,AM,144
2024-08-06,13:38,  50,PM,216
2024-08-07,04:34,   0,AM,062
2024-08-07,19:36,   0,PM,297
2024-08-07,05:47,  10,AM,076
2024-08-07,18:23,  10,PM,283
2024-08-07,06:53,  20,AM,089
2024-08-07,17:17,  20,PM,271
2024-08-07,07:59,  30,AM,102
2024-08-07,16:12,  30,PM,257
2024-08-07,09:09,  40,AM,119
2024-08-07,15:02,  40,PM,241
2024-08-07,10:36,  50,AM,145
2024-08-07,13:35,  50,PM,215
2024-08-08,04:36,   0,AM,063
2024-08-08,19:34,   0,PM,297
2024-08-08,05:49,  10,AM,077
2024-08-08,18:22,  10,PM,283
2024-08-08,06:55,  20,AM,090
2024-08-08,17:16,  20,PM,270
2024-08-08,08:00,  30,AM,103
2024-08-08,16:10,  30,PM,257
2024-08-08,09:10,  40,AM,119
2024-08-08,15:01,  40,PM,240
2024-08-08,10:39,  50,AM,146
2024-08-08,13:32,  50,PM,213
2024-08-09,04:37,   0,AM,063
2024-08-09,19:32,   0,PM,296
2024-08-09,05:50,  10,AM,077
2024-08-09,18:20,  10,PM,283
2024-08-09,06:56,  20,AM,090
2024-08-09,17:14,  20,PM,270
2024-08-09,08:02,  30,AM,104
2024-08-09,16:09,  30,PM,256
2024-08-09,09:12,  40,AM,120
2024-08-09,14:59,  40,PM,240
2024-08-09,10:42,  50,AM,148
2024-08-09,13:29,  50,PM,212
2024-08-10,04:39,   0,AM,064
2024-08-10,19:30,   0,PM,296
2024-08-10,05:51,  10,AM,078
2024-08-10,18:18,  10,PM,282
2024-08-10,06:57,  20,AM,090
2024-08-10,17:13,  20,PM,269
2024-08-10,08:03,  30,AM,104
2024-08-10,16:07,  30,PM,256
2024-08-10,09:14,  40,AM,121
2024-08-10,14:57,  40,PM,239
2024-08-10,10:45,  50,AM,149
2024-08-10,13:25,  50,PM,211
2024-08-11,04:41,   0,AM,064
2024-08-11,19:29,   0,PM,296
2024-08-11,05:53,  10,AM,078
2024-08-11,18:17,  10,PM,282
2024-08-11,06:59,  20,AM,091
2024-08-11,17:11,  20,PM,269
2024-08-11,08:04,  30,AM,105
2024-08-11,16:05,  30,PM,255
2024-08-11,09:15,  40,AM,122
2024-08-11,14:55,  40,PM,238
2024-08-11,10:49,  50,AM,151
2024-08-11,13:21,  50,PM,209
2024-08-12,04:42,   0,AM,065
2024-08-12,19:27,   0,PM,295
2024-08-12,05:54,  10,AM,079
2024-08-12,18:15,  10,PM,281
2024-08-12,07:00,  20,AM,091
2024-08-12,17:09,  20,PM,268
2024-08-12,08:06,  30,AM,105
2024-08-12,16:03,  30,PM,255
2024-08-12,09:17,  40,AM,122
2024-08-12,14:52,  40,PM,237
2024-08-12,10:52,  50,AM,152
2024-08-12,13:17,  50,PM,208
2024-08-13,04:44,   0,AM,065
2024-08-13,19:25,   0,PM,294
2024-08-13,05:56,  10,AM,079
2024-08-13,18:13,  10,PM,281
2024-08-13,07:01,  20,AM,092
2024-08-13,17:08,  20,PM,268
2024-08-13,08:07,  30,AM,106
2024-08-13,16:02,  30,PM,254
2024-08-13,09:19,  40,AM,123
2024-08-13,14:50,  40,PM,237
2024-08-13,10:56,  50,AM,154
2024-08-13,13:13,  50,PM,206
2024-08-14,04:45,   0,AM,066
2024-08-14,19:23,   0,PM,294
2024-08-14,05:57,  10,AM,080
2024-08-14,18:11,  10,PM,280
2024-08-14,07:03,  20,AM,093
2024-08-14,17:06,  20,PM,267
2024-08-14,08:09,  30,AM,106
2024-08-14,16:00,  30,PM,254
2024-08-14,09:21,  40,AM,124
2024-08-14,14:48,  40,PM,236
2024-08-14,11:01,  50,AM,156
2024-08-14,13:08,  50,PM,204
2024-08-15,04:47,   0,AM,066
2024-08-15,19:21,   0,PM,293
2024-08-15,05:58,  10,AM,080
2024-08-15,18:10,  10,PM,280
2024-08-15,07:04,  20,AM,093
2024-08-15,17:04,  20,PM,267
2024-08-15,08:10,  30,AM,107
2024-08-15,15:58,  30,PM,253
2024-08-15,09:23,  40,AM,125
2024-08-15,14:46,  40,PM,235
2024-08-15,11:05,  50,AM,157
2024-08-15,13:03,  50,PM,202
2024-08-16,04:49,   0,AM,067
2024-08-16,19:19,   0,PM,293
2024-08-16,06:00,  10,AM,081
2024-08-16,18:08,  10,PM,279
2024-08-16,07:05,  20,AM,093
2024-08-16,17:02,  20,PM,266
2024-08-16,08:12,  30,AM,108
2024-08-16,15:56,  30,PM,252
2024-08-16,09:25,  40,AM,126
2024-08-16,14:43,  40,PM,234
2024-08-16,11:11,  50,AM,160
2024-08-16,12:57,  50,PM,200
2024-08-17,04:50,   0,AM,067
2024-08-17,19:17,   0,PM,292
2024-08-17,06:01,  10,AM,081
2024-08-17,18:06,  10,PM,279
2024-08-17,07:07,  20,AM,094
2024-08-17,17:00,  20,PM,266
2024-08-17,08:13,  30,AM,108
2024-08-17,15:54,  30,PM,252
2024-08-17,09:27,  40,AM,126
2024-08-17,14:41,  40,PM,234
2024-08-17,11:16,  50,AM,162
2024-08-17,12:51,  50,PM,198
2024-08-18,04:52,   0,AM,068
2024-08-18,19:14,   0,PM,292
2024-08-18,06:03,  10,AM,082
2024-08-18,18:04,  10,PM,278
2024-08-18,07:08,  20,AM,095
2024-08-18,16:59,  20,PM,265
2024-08-18,08:15,  30,AM,109
2024-08-18,15:52,  30,PM,251
2024-08-18,09:29,  40,AM,127
2024-08-18,14:38,  40,PM,233
2024-08-18,11:23,  50,AM,164
2024-08-18,12:44,  50,PM,195
2024-08-19,04:54,   0,AM,069
2024-08-19,19:12,   0,PM,291
2024-08-19,06:04,  10,AM,082
2024-08-19,18:02,  10,PM,277
2024-08-19,07:10,  20,AM,095
2024-08-19,16:57,  20,PM,265
2024-08-19,08:16,  30,AM,109
2024-08-19,15:50,  30,PM,250
2024-08-19,09:31,  40,AM,128
2024-08-19,14:36,  40,PM,232
2024-08-19,11:32,  50,AM,168
2024-08-19,12:35,  50,PM,192
2024-08-20,04:55,   0,AM,069
2024-08-20,19:10,   0,PM,291
2024-08-20,06:06,  10,AM,083
2024-08-20,18:00,  10,PM,277
2024-08-20,07:11,  20,AM,096
2024-08-20,16:55,  20,PM,264
2024-08-20,08:18,  30,AM,110
2024-08-20,15:48,  30,PM,250
2024-08-20,09:33,  40,AM,129
2024-08-20,14:33,  40,PM,231
2024-08-20,11:44,  50,AM,173
2024-08-20,12:22,  50,PM,187
2024-08-21,04:57,   0,AM,070
2024-08-21,19:08,   0,PM,290
2024-08-21,06:07,  10,AM,083
2024-08-21,17:58,  10,PM,276
2024-08-21,07:13,  20,AM,096
2024-08-21,16:53,  20,PM,264
2024-08-21,08:20,  30,AM,111
2024-08-21,15:46,  30,PM,249
2024-08-21,09:35,  40,AM,130
2024-08-21,14:31,  40,PM,230
2024-08-22,04:58,   0,AM,070
2024-08-22,19:06,   0,PM,289
2024-08-22,06:09,  10,AM,084
2024-08-22,17:56,  10,PM,276
2024-08-22,07:14,  20,AM,097
2024-08-22,16:51,  20,PM,263
2024-08-22,08:21,  30,AM,111
2024-08-22,15:44,  30,PM,249
2024-08-22,09:37,  40,AM,131
2024-08-22,14:28,  40,PM,229
2024-08-23,05:00,   0,AM,071
2024-08-23,19:04,   0,PM,289
2024-08-23,06:10,  10,AM,084
2024-08-23,17:54,  10,PM,275
2024-08-23,07:15,  20,AM,097
2024-08-23,16:49,  20,PM,262
2024-08-23,08:23,  30,AM,112
2024-08-23,15:41,  30,PM,248
2024-08-23,09:40,  40,AM,132
2024-08-23,14:25,  40,PM,228
2024-08-24,05:02,   0,AM,071
2024-08-24,19:02,   0,PM,288
2024-08-24,06:11,  10,AM,085
2024-08-24,17:52,  10,PM,275
2024-08-24,07:17,  20,AM,098
2024-08-24,16:47,  20,PM,262
2024-08-24,08:25,  30,AM,113
2024-08-24,15:39,  30,PM,247
2024-08-24,09:42,  40,AM,133
2024-08-24,14:22,  40,PM,227
2024-08-25,05:03,   0,AM,072
2024-08-25,18:59,   0,PM,288
2024-08-25,06:13,  10,AM,086
2024-08-25,17:50,  10,PM,274
2024-08-25,07:18,  20,AM,099
2024-08-25,16:45,  20,PM,261
2024-08-25,08:26,  30,AM,113
2024-08-25,15:37,  30,PM,246
2024-08-25,09:44,  40,AM,133
2024-08-25,14:19,  40,PM,226
2024-08-26,05:05,   0,AM,073
2024-08-26,18:57,   0,PM,287
2024-08-26,06:14,  10,AM,086
2024-08-26,17:48,  10,PM,274
2024-08-26,07:20,  20,AM,099
2024-08-26,16:43,  20,PM,261
2024-08-26,08:28,  30,AM,114
2024-08-26,15:35,  30,PM,246
2024-08-26,09:47,  40,AM,135
2024-08-26,14:16,  40,PM,225
2024-08-27,05:07,   0,AM,073
2024-08-27,18:55,   0,PM,286
2024-08-27,06:16,  10,AM,087
2024-08-27,17:46,  10,PM,273
2024-08-27,07:22,  20,AM,100
2024-08-27,16:41,  20,PM,260
2024-08-27,08:30,  30,AM,115
2024-08-27,15:32,  30,PM,245
2024-08-27,09:49,  40,AM,135
2024-08-27,14:13,  40,PM,224
2024-08-28,05:08,   0,AM,074
2024-08-28,18:53,   0,PM,286
2024-08-28,06:17,  10,AM,087
2024-08-28,17:44,  10,PM,272
2024-08-28,07:23,  20,AM,100
2024-08-28,16:38,  20,PM,259
2024-08-28,08:32,  30,AM,116
2024-08-28,15:30,  30,PM,244
2024-08-28,09:52,  40,AM,137
2024-08-28,14:09,  40,PM,223
2024-08-29,05:10,   0,AM,074
2024-08-29,18:51,   0,PM,285
2024-08-29,06:19,  10,AM,088
2024-08-29,17:42,  10,PM,272
2024-08-29,07:25,  20,AM,101
2024-08-29,16:36,  20,PM,259
2024-08-29,08:33,  30,AM,116
2024-08-29,15:27,  30,PM,243
2024-08-29,09:55,  40,AM,138
2024-08-29,14:06,  40,PM,222
2024-08-30,05:11,   0,AM,075
2024-08-30,18:48,   0,PM,285
2024-08-30,06:20,  10,AM,088
2024-08-30,17:40,  10,PM,271
2024-08-30,07:26,  20,AM,102
2024-08-30,16:34,  20,PM,258
2024-08-30,08:35,  30,AM,117
2024-08-30,15:25,  30,PM,243
2024-08-30,09:58,  40,AM,139
2024-08-30,14:03,  40,PM,221
2024-08-31,05:13,   0,AM,076
2024-08-31,18:46,   0,PM,284
2024-08-31,06:22,  10,AM,089
2024-08-31,17:37,  10,PM,271
2024-08-31,07:28,  20,AM,102
2024-08-31,16:32,  20,PM,257
2024-08-31,08:37,  30,AM,118
2024-08-31,15:22,  30,PM,242
2024-08-31,10:01,  40,AM,140
2024-08-31,13:59,  40,PM,220
2024-09-01,05:15,   0,AM,076
2024-09-01,18:44,   0,PM,284
2024-09-01,06:24,  10,AM,090
2024-09-01,17:35,  10,PM,270
2024-09-01,07:29,  20,AM,103
2024-09-01,16:30,  20,PM,257
2024-09-01,08:39,  30,AM,118
2024-09-01,15:20,  30,PM,241
2024-09-01,10:04,  40,AM,141
2024-09-01,13:55,  40,PM,219
2024-09-02,05:16,   0,AM,077
2024-09-02,18:42,   0,PM,283
2024-09-02,06:25,  10,AM,090
2024-09-02,17:33,  10,PM,269
2024-09-02,07:31,  20,AM,104
2024-09-02,16:27,  20,PM,256
2024-09-02,08:41,  30,AM,119
2024-09-02,15:17,  30,PM,240
2024-09-02,10:07,  40,AM,142
2024-09-02,13:51,  40,PM,217
2024-09-03,05:18,   0,AM,077
2024-09-03,18:39,   0,PM,282
2024-09-03,06:27,  10,AM,091
2024-09-03,17:31,  10,PM,269
2024-09-03,07:33,  20,AM,104
2024-09-03,16:25,  20,PM,256
2024-09-03,08:43,  30,AM,120
2024-09-03,15:15,  30,PM,240
2024-09-03,10:10,  40,AM,144
2024-09-03,13:47,  40,PM,216
2024-09-04,05:20,   0,AM,078
2024-09-04,18:37,   0,PM,282
2024-09-04,06:28,  10,AM,091
2024-09-04,17:29,  10,PM,268
2024-09-04,07:34,  20,AM,105
2024-09-04,16:23,  20,PM,255
2024-09-04,08:45,  30,AM,121
2024-09-04,15:12,  30,PM,239
2024-09-04,10:14,  40,AM,145
2024-09-04,13:43,  40,PM,215
2024-09-05,05:21,   0,AM,079
2024-09-05,18:35,   0,PM,281
2024-09-05,06:30,  10,AM,092
2024-09-05,17:26,  10,PM,268
2024-09-05,07:36,  20,AM,106
2024-09-05,16:20,  20,PM,254
2024-09-05,08:47,  30,AM,122
2024-09-05,15:09,  30,PM,238
2024-09-05,10:18,  40,AM,147
2024-09-05,13:39,  40,PM,213
2024-09-06,05:23,   0,AM,079
2024-09-06,18:33,   0,PM,281
2024-09-06,06:31,  10,AM,093
2024-09-06,17:24,  10,PM,267
2024-09-06,07:38,  20,AM,106
2024-09-06,16:18,  20,PM,254
2024-09-06,08:49,  30,AM,122
2024-09-06,15:06,  30,PM,237
2024-09-06,10:21,  40,AM,148
2024-09-06,13:34,  40,PM,212
2024-09-07,05:24,   0,AM,080
2024-09-07,18:30,   0,PM,280
2024-09-07,06:33,  10,AM,093
2024-09-07,17:22,  10,PM,266
2024-09-07,07:39,  20,AM,107
2024-09-07,16:16,  20,PM,253
2024-09-07,08:51,  30,AM,123
2024-09-07,15:04,  30,PM,237
2024-09-07,10:26,  40,AM,150
2024-09-07,13:30,  40,PM,211
2024-09-08,05:26,   0,AM,080
2024-09-08,18:28,   0,PM,279
2024-09-08,06:34,  10,AM,094
2024-09-08,17:20,  10,PM,266
2024-09-08,07:41,  20,AM,108
2024-09-08,16:13,  20,PM,252
2024-09-08,08:54,  30,AM,124
2024-09-08,15:01,  30,PM,236
2024-09-08,10:30,  40,AM,151
2024-09-08,13:25,  40,PM,209
2024-09-09,05:28,   0,AM,081
2024-09-09,18:26,   0,PM,279
2024-09-09,06:36,  10,AM,095
2024-09-09,17:17,  10,PM,265
2024-09-09,07:43,  20,AM,108
2024-09-09,16:11,  20,PM,252
2024-09-09,08:56,  30,AM,125
2024-09-09,14:58,  30,PM,235
2024-09-09,10:34,  40,AM,153
2024-09-09,13:19,  40,PM,207
2024-09-10,05:29,   0,AM,082
2024-09-10,18:23,   0,PM,278
2024-09-10,06:38,  10,AM,095
2024-09-10,17:15,  10,PM,265
2024-09-10,07:45,  20,AM,109
2024-09-10,16:08,  20,PM,251
2024-09-10,08:58,  30,AM,126
2024-09-10,14:55,  30,PM,234
2024-09-10,10:39,  40,AM,154
2024-09-10,13:14,  40,PM,205
2024-09-11,05:31,   0,AM,082
2024-09-11,18:21,   0,PM,277
2024-09-11,06:39,  10,AM,096
2024-09-11,17:13,  10,PM,264
2024-09-11,07:46,  20,AM,110
2024-09-11,16:06,  20,PM,250
2024-09-11,09:00,  30,AM,127
2024-09-11,14:52,  30,PM,233
2024-09-11,10:45,  40,AM,156
2024-09-11,13:07,  40,PM,203
2024-09-12,05:33,   0,AM,083
2024-09-12,18:19,   0,PM,277
2024-09-12,06:41,  10,AM,096
2024-09-12,17:10,  10,PM,263
2024-09-12,07:48,  20,AM,110
2024-09-12,16:03,  20,PM,249
2024-09-12,09:03,  30,AM,128
2024-09-12,14:49,  30,PM,232
2024-09-12,10:51,  40,AM,159
2024-09-12,13:01,  40,PM,201
2024-09-13,05:34,   0,AM,083
2024-09-13,18:16,   0,PM,276
2024-09-13,06:42,  10,AM,097
2024-09-13,17:08,  10,PM,263
2024-09-13,07:50,  20,AM,111
2024-09-13,16:01,  20,PM,249
2024-09-13,09:05,  30,AM,129
2024-09-13,14:46,  30,PM,231
2024-09-13,10:57,  40,AM,161
2024-09-13,12:54,  40,PM,199
2024-09-14,05:36,   0,AM,084
2024-09-14,18:14,   0,PM,276
2024-09-14,06:44,  10,AM,098
2024-09-14,17:06,  10,PM,262
2024-09-14,07:52,  20,AM,112
2024-09-14,15:58,  20,PM,248
2024-09-14,09:08,  30,AM,130
2024-09-14,14:43,  30,PM,230
2024-09-14,11:05,  40,AM,163
2024-09-14,12:45,  40,PM,196
2024-09-15,05:37,   0,AM,085
2024-09-15,18:12,   0,PM,275
2024-09-15,06:46,  10,AM,098
2024-09-15,17:03,  10,PM,261
2024-09-15,07:54,  20,AM,113
2024-09-15,15:56,  20,PM,247
2024-09-15,09:10,  30,AM,130
2024-09-15,14:39,  30,PM,229
2024-09-15,11:14,  40,AM,167
2024-09-15,12:35,  40,PM,193
2024-09-16,05:39,   0,AM,085
2024-09-16,18:09,   0,PM,274
2024-09-16,06:47,  10,AM,099
2024-09-16,17:01,  10,PM,261
2024-09-16,07:56,  20,AM,113
2024-09-16,15:53,  20,PM,247
2024-09-16,09:13,  30,AM,132
2024-09-16,14:36,  30,PM,228
2024-09-16,11:26,  40,AM,171
2024-09-16,12:22,  40,PM,189
2024-09-17,05:41,   0,AM,086
2024-09-17,18:07,   0,PM,274
2024-09-17,06:49,  10,AM,100
2024-09-17,16:59,  10,PM,260
2024-09-17,07:57,  20,AM,114
2024-09-17,15:50,  20,PM,246
2024-09-17,09:15,  30,AM,132
2024-09-17,14:33,  30,PM,227
2024-09-18,05:42,   0,AM,087
2024-09-18,18:05,   0,PM,273
2024-09-18,06:51,  10,AM,100
2024-09-18,16:56,  10,PM,259
2024-09-18,07:59,  20,AM,115
2024-09-18,15:48,  20,PM,245
2024-09-18,09:18,  30,AM,133
2024-09-18,14:29,  30,PM,226
2024-09-19,05:44,   0,AM,087
2024-09-19,18:02,   0,PM,272
2024-09-19,06:52,  10,AM,101
2024-09-19,16:54,  10,PM,259
2024-09-19,08:01,  20,AM,115
2024-09-19,15:45,  20,PM,244
2024-09-19,09:21,  30,AM,134
2024-09-19,14:26,  30,PM,225
2024-09-20,05:46,   0,AM,088
2024-09-20,18:00,   0,PM,272
2024-09-20,06:54,  10,AM,102
2024-09-20,16:51,  10,PM,258
2024-09-20,08:03,  20,AM,116
2024-09-20,15:42,  20,PM,244
2024-09-20,09:24,  30,AM,136
2024-09-20,14:22,  30,PM,224
2024-09-21,05:47,   0,AM,089
2024-09-21,17:58,   0,PM,271
2024-09-21,06:56,  10,AM,102
2024-09-21,16:49,  10,PM,258
2024-09-21,08:05,  20,AM,117
2024-09-21,15:40,  20,PM,243
2024-09-21,09:27,  30,AM,137
2024-09-21,14:19,  30,PM,223
2024-09-22,05:49,   0,AM,089
2024-09-22,17:55,   0,PM,270
2024-09-22,06:58,  10,AM,103
2024-09-22,16:47,  10,PM,257
2024-09-22,08:07,  20,AM,118
2024-09-22,15:37,  20,PM,242
2024-09-22,09:30,  30,AM,138
2024-09-22,14:15,  30,PM,222
2024-09-23,05:50,   0,AM,090
2024-09-23,17:53,   0,PM,270
2024-09-23,06:59,  10,AM,103
2024-09-23,16:44,  10,PM,256
2024-09-23,08:09,  20,AM,118
2024-09-23,15:34,  20,PM,241
2024-09-23,09:33,  30,AM,139
2024-09-23,14:11,  30,PM,221
2024-09-24,05:52,   0,AM,090
2024-09-24,17:51,   0,PM,269
2024-09-24,07:01,  10,AM,104
2024-09-24,16:42,  10,PM,256
2024-09-24,08:11,  20,AM,119
2024-09-24,15:31,  20,PM,240
2024-09-24,09:36,  30,AM,140
2024-09-24,14:07,  30,PM,220
2024-09-25,05:54,   0,AM,091
2024-09-25,17:48,   0,PM,269
2024-09-25,07:03,  10,AM,105
2024-09-25,16:39,  10,PM,255
2024-09-25,08:14,  20,AM,120
2024-09-25,15:29,  20,PM,240
2024-09-25,09:39,  30,AM,141
2024-09-25,14:03,  30,PM,219
2024-09-26,05:55,   0,AM,092
2024-09-26,17:46,   0,PM,268
2024-09-26,07:05,  10,AM,106
2024-09-26,16:37,  10,PM,254
2024-09-26,08:16,  20,AM,121
2024-09-26,15:26,  20,PM,239
2024-09-26,09:43,  30,AM,142
2024-09-26,13:59,  30,PM,218
2024-09-27,05:57,   0,AM,092
2024-09-27,17:44,   0,PM,267
2024-09-27,07:06,  10,AM,106
2024-09-27,16:34,  10,PM,253
2024-09-27,08:18,  20,AM,122
2024-09-27,15:23,  20,PM,238
2024-09-27,09:46,  30,AM,143
2024-09-27,13:55,  30,PM,217
2024-09-28,05:59,   0,AM,093
2024-09-28,17:41,   0,PM,267
2024-09-28,07:08,  10,AM,107
2024-09-28,16:32,  10,PM,253
2024-09-28,08:20,  20,AM,122
2024-09-28,15:20,  20,PM,237
2024-09-28,09:50,  30,AM,145
2024-09-28,13:51,  30,PM,215
2024-09-29,06:00,   0,AM,094
2024-09-29,17:39,   0,PM,266
2024-09-29,07:10,  10,AM,108
2024-09-29,16:30,  10,PM,252
2024-09-29,08:22,  20,AM,123
2024-09-29,15:17,  20,PM,237
2024-09-29,09:54,  30,AM,146
2024-09-29,13:46,  30,PM,214
2024-09-30,06:02,   0,AM,094
2024-09-30,17:37,   0,PM,266
2024-09-30,07:12,  10,AM,108
2024-09-30,16:27,  10,PM,252
2024-09-30,08:25,  20,AM,124
2024-09-30,15:14,  20,PM,236
2024-09-30,09:58,  30,AM,147
2024-09-30,13:41,  30,PM,213
2024-10-01,06:04,   0,AM,095
2024-10-01,17:34,   0,PM,265
2024-10-01,07:14,  10,AM,109
2024-10-01,16:25,  10,PM,251
2024-10-01,08:27,  20,AM,125
2024-10-01,15:11,  20,PM,235
2024-10-01,10:02,  30,AM,149
2024-10-01,13:37,  30,PM,211
2024-10-02,06:05,   0,AM,095
2024-10-02,17:32,   0,PM,264
2024-10-02,07:15,  10,AM,109
2024-10-02,16:22,  10,PM,250
2024-10-02,08:29,  20,AM,126
2024-10-02,15:08,  20,PM,234
2024-10-02,10:06,  30,AM,150
2024-10-02,13:32,  30,PM,210
2024-10-03,06:07,   0,AM,096
2024-10-03,17:30,   0,PM,264
2024-10-03,07:17,  10,AM,110
2024-10-03,16:20,  10,PM,250
2024-10-03,08:32,  20,AM,126
2024-10-03,15:05,  20,PM,233
2024-10-03,10:11,  30,AM,151
2024-10-03,13:27,  30,PM,209
2024-10-04,06:09,   0,AM,097
2024-10-04,17:27,   0,PM,263
2024-10-04,07:19,  10,AM,111
2024-10-04,16:17,  10,PM,249
2024-10-04,08:34,  20,AM,127
2024-10-04,15:02,  20,PM,232
2024-10-04,10:15,  30,AM,153
2024-10-04,13:21,  30,PM,207
2024-10-05,06:10,   0,AM,097
2024-10-05,17:25,   0,PM,262
2024-10-05,07:21,  10,AM,112
2024-10-05,16:15,  10,PM,248
2024-10-05,08:36,  20,AM,128
2024-10-05,14:59,  20,PM,232
2024-10-05,10:20,  30,AM,154
2024-10-05,13:15,  30,PM,205
2024-10-06,06:12,   0,AM,098
2024-10-06,17:23,   0,PM,262
2024-10-06,07:23,  10,AM,112
2024-10-06,16:12,  10,PM,247
2024-10-06,08:39,  20,AM,129
2024-10-06,14:56,  20,PM,231
2024-10-06,10:26,  30,AM,156
2024-10-06,13:09,  30,PM,203
2024-10-07,06:14,   0,AM,099
2024-10-07,17:21,   0,PM,261
2024-10-07,07:25,  10,AM,113
2024-10-07,16:10,  10,PM,247
2024-10-07,08:41,  20,AM,130
2024-10-07,14:53,  20,PM,230
2024-10-07,10:32,  30,AM,158
2024-10-07,13:03,  30,PM,202
2024-10-08,06:16,   0,AM,099
2024-10-08,17:18,   0,PM,260
2024-10-08,07:27,  10,AM,114
2024-10-08,16:07,  10,PM,246
2024-10-08,08:44,  20,AM,131
2024-10-08,14:50,  20,PM,229
2024-10-08,10:38,  30,AM,160
2024-10-08,12:56,  30,PM,200
2024-10-09,06:17,   0,AM,100
2024-10-09,17:16,   0,PM,260
2024-10-09,07:29,  10,AM,114
2024-10-09,16:05,  10,PM,246
2024-10-09,08:47,  20,AM,132
2024-10-09,14:47,  20,PM,228
2024-10-09,10:46,  30,AM,162
2024-10-09,12:48,  30,PM,198
2024-10-10,06:19,   0,AM,101
2024-10-10,17:14,   0,PM,259
2024-10-10,07:31,  10,AM,115
2024-10-10,16:02,  10,PM,245
2024-10-10,08:49,  20,AM,132
2024-10-10,14:44,  20,PM,228
2024-10-10,10:54,  30,AM,165
2024-10-10,12:39,  30,PM,195
2024-10-11,06:21,   0,AM,101
2024-10-11,17:12,   0,PM,259
2024-10-11,07:33,  10,AM,116
2024-10-11,16:00,  10,PM,244
2024-10-11,08:52,  20,AM,133
2024-10-11,14:40,  20,PM,226
2024-10-11,11:04,  30,AM,168
2024-10-11,12:29,  30,PM,192
2024-10-12,06:22,   0,AM,102
2024-10-12,17:09,   0,PM,258
2024-10-12,07:35,  10,AM,116
2024-10-12,15:57,  10,PM,243
2024-10-12,08:55,  20,AM,134
2024-10-12,14:37,  20,PM,226
2024-10-12,11:17,  30,AM,172
2024-10-12,12:15,  30,PM,188
2024-10-13,06:24,   0,AM,102
2024-10-13,17:07,   0,PM,257
2024-10-13,07:37,  10,AM,117
2024-10-13,15:55,  10,PM,243
2024-10-13,08:58,  20,AM,135
2024-10-13,14:34,  20,PM,225
2024-10-14,06:26,   0,AM,103
2024-10-14,17:05,   0,PM,257
2024-10-14,07:39,  10,AM,118
2024-10-14,15:52,  10,PM,242
2024-10-14,09:00,  20,AM,136
2024-10-14,14:31,  20,PM,224
2024-10-15,06:28,   0,AM,104
2024-10-15,17:03,   0,PM,256
2024-10-15,07:41,  10,AM,118
2024-10-15,15:50,  10,PM,241
2024-10-15,09:03,  20,AM,137
2024-10-15,14:27,  20,PM,223
2024-10-16,06:29,   0,AM,104
2024-10-16,17:01,   0,PM,256
2024-10-16,07:43,  10,AM,119
2024-10-16,15:47,  10,PM,241
2024-10-16,09:06,  20,AM,138
2024-10-16,14:24,  20,PM,222
2024-10-17,06:31,   0,AM,105
2024-10-17,16:58,   0,PM,255
2024-10-17,07:45,  10,AM,120
2024-10-17,15:45,  10,PM,240
2024-10-17,09:09,  20,AM,139
2024-10-17,14:20,  20,PM,221
2024-10-18,06:33,   0,AM,105
2024-10-18,16:56,   0,PM,254
2024-10-18,07:47,  10,AM,120
2024-10-18,15:42,  10,PM,239
2024-10-18,09:12,  20,AM,140
2024-10-18,14:17,  20,PM,220
2024-10-19,06:35,   0,AM,106
2024-10-19,16:54,   0,PM,254
2024-10-19,07:49,  10,AM,121
2024-10-19,15:40,  10,PM,239
2024-10-19,09:16,  20,AM,141
2024-10-19,14:13,  20,PM,219
2024-10-20,06:36,   0,AM,107
2024-10-20,16:52,   0,PM,253
2024-10-20,07:51,  10,AM,122
2024-10-20,15:37,  10,PM,238
2024-10-20,09:19,  20,AM,142
2024-10-20,14:10,  20,PM,218
2024-10-21,06:38,   0,AM,107
2024-10-21,16:50,   0,PM,253
2024-10-21,07:53,  10,AM,122
2024-10-21,15:35,  10,PM,237
2024-10-21,09:22,  20,AM,143
2024-10-21,14:06,  20,PM,217
2024-10-22,06:40,   0,AM,108
2024-10-22,16:48,   0,PM,252
2024-10-22,07:56,  10,AM,123
2024-10-22,15:32,  10,PM,237
2024-10-22,09:26,  20,AM,144
2024-10-22,14:03,  20,PM,216
2024-10-23,06:42,   0,AM,108
2024-10-23,16:46,   0,PM,251
2024-10-23,07:58,  10,AM,124
2024-10-23,15:30,  10,PM,236
2024-10-23,09:29,  20,AM,145
2024-10-23,13:59,  20,PM,215
2024-10-24,06:44,   0,AM,109
2024-10-24,16:44,   0,PM,251
2024-10-24,08:00,  10,AM,125
2024-10-24,15:27,  10,PM,235
2024-10-24,09:33,  20,AM,146
2024-10-24,13:55,  20,PM,214
2024-10-25,06:45,   0,AM,109
2024-10-25,16:42,   0,PM,250
2024-10-25,08:02,  10,AM,125
2024-10-25,15:25,  10,PM,235
2024-10-25,09:36,  20,AM,147
2024-10-25,13:51,  20,PM,213
2024-10-26,06:47,   0,AM,110
2024-10-26,16:40,   0,PM,250
2024-10-26,08:04,  10,AM,126
2024-10-26,15:23,  10,PM,234
2024-10-26,09:40,  20,AM,148
2024-10-26,13:47,  20,PM,212
2024-10-27,06:49,   0,AM,111
2024-10-27,16:38,   0,PM,249
2024-10-27,08:07,  10,AM,127
2024-10-27,15:20,  10,PM,233
2024-10-27,09:44,  20,AM,149
2024-10-27,13:43,  20,PM,211
2024-10-28,06:51,   0,AM,111
2024-10-28,16:36,   0,PM,249
2024-10-28,08:09,  10,AM,127
2024-10-28,15:18,  10,PM,233
2024-10-28,09:48,  20,AM,150
2024-10-28,13:39,  20,PM,210
2024-10-29,06:53,   0,AM,112
2024-10-29,16:34,   0,PM,248
2024-10-29,08:11,  10,AM,128
2024-10-29,15:15,  10,PM,232
2024-10-29,09:52,  20,AM,151
2024-10-29,13:35,  20,PM,209
2024-10-30,06:54,   0,AM,112
2024-10-30,16:32,   0,PM,247
2024-10-30,08:14,  10,AM,129
2024-10-30,15:13,  10,PM,231
2024-10-30,09:56,  20,AM,152
2024-10-30,13:31,  20,PM,208
2024-10-31,06:56,   0,AM,113
2024-10-31,16:30,   0,PM,247
2024-10-31,08:16,  10,AM,129
2024-10-31,15:11,  10,PM,231
2024-10-31,10:00,  20,AM,153
2024-10-31,13:26,  20,PM,206
2024-11-01,06:58,   0,AM,113
2024-11-01,16:28,   0,PM,246
2024-11-01,08:18,  10,AM,130
2024-11-01,15:08,  10,PM,230
2024-11-01,10:05,  20,AM,155
2024-11-01,13:22,  20,PM,205
2024-11-02,07:00,   0,AM,114
2024-11-02,16:27,   0,PM,246
2024-11-02,08:21,  10,AM,131
2024-11-02,15:06,  10,PM,229
2024-11-02,10:09,  20,AM,156
2024-11-02,13:17,  20,PM,204
2024-11-03,07:02,   0,AM,115
2024-11-03,16:25,   0,PM,245
2024-11-03,08:23,  10,AM,131
2024-11-03,15:04,  10,PM,229
2024-11-03,10:14,  20,AM,157
2024-11-03,13:12,  20,PM,203
2024-11-04,07:03,   0,AM,115
2024-11-04,16:23,   0,PM,245
2024-11-04,08:25,  10,AM,132
2024-11-04,15:01,  10,PM,228
2024-11-04,10:19,  20,AM,158
2024-11-04,13:07,  20,PM,201
2024-11-05,07:05,   0,AM,116
2024-11-05,16:21,   0,PM,244
2024-11-05,08:28,  10,AM,133
2024-11-05,14:59,  10,PM,227
2024-11-05,10:25,  20,AM,160
2024-11-05,13:02,  20,PM,200
2024-11-06,07:07,   0,AM,116
2024-11-06,16:20,   0,PM,244
2024-11-06,08:30,  10,AM,133
2024-11-06,14:57,  10,PM,227
2024-11-06,10:31,  20,AM,161
2024-11-06,12:56,  20,PM,198
2024-11-07,07:09,   0,AM,117
2024-11-07,16:18,   0,PM,243
2024-11-07,08:32,  10,AM,134
2024-11-07,14:54,  10,PM,226
2024-11-07,10:37,  20,AM,163
2024-11-07,12:50,  20,PM,197
2024-11-08,07:11,   0,AM,117
2024-11-08,16:16,   0,PM,243
2024-11-08,08:35,  10,AM,134
2024-11-08,14:52,  10,PM,225
2024-11-08,10:43,  20,AM,165
2024-11-08,12:44,  20,PM,195
2024-11-09,07:12,   0,AM,118
2024-11-09,16:15,   0,PM,242
2024-11-09,08:37,  10,AM,135
2024-11-09,14:50,  10,PM,225
2024-11-09,10:51,  20,AM,167
2024-11-09,12:36,  20,PM,193
2024-11-10,07:14,   0,AM,118
2024-11-10,16:13,   0,PM,242
2024-11-10,08:40,  10,AM,136
2024-11-10,14:48,  10,PM,224
2024-11-10,10:59,  20,AM,169
2024-11-10,12:28,  20,PM,191
2024-11-11,07:16,   0,AM,119
2024-11-11,16:12,   0,PM,241
2024-11-11,08:42,  10,AM,136
2024-11-11,14:46,  10,PM,224
2024-11-11,11:09,  20,AM,171
2024-11-11,12:18,  20,PM,189
2024-11-12,07:18,   0,AM,119
2024-11-12,16:10,   0,PM,241
2024-11-12,08:44,  10,AM,137
2024-11-12,14:43,  10,PM,223
2024-11-12,11:24,  20,AM,175
2024-11-12,12:04,  20,PM,185
2024-11-13,07:20,   0,AM,120
2024-11-13,16:09,   0,PM,240
2024-11-13,08:47,  10,AM,138
2024-11-13,14:41,  10,PM,222
2024-11-14,07:21,   0,AM,120
2024-11-14,16:07,   0,PM,240
2024-11-14,08:49,  10,AM,138
2024-11-14,14:39,  10,PM,222
2024-11-15,07:23,   0,AM,120
2024-11-15,16:06,   0,PM,239
2024-11-15,08:52,  10,AM,139
2024-11-15,14:37,  10,PM,221
2024-11-16,07:25,   0,AM,121
2024-11-16,16:04,   0,PM,239
2024-11-16,08:54,  10,AM,139
2024-11-16,14:35,  10,PM,220
2024-11-17,07:27,   0,AM,121
2024-11-17,16:03,   0,PM,238
2024-11-17,08:56,  10,AM,140
2024-11-17,14:33,  10,PM,220
2024-11-18,07:28,   0,AM,122
2024-11-18,16:02,   0,PM,238
2024-11-18,08:59,  10,AM,141
2024-11-18,14:31,  10,PM,219
2024-11-19,07:30,   0,AM,122
2024-11-19,16:00,   0,PM,238
2024-11-19,09:01,  10,AM,141
2024-11-19,14:29,  10,PM,219
2024-11-20,07:32,   0,AM,123
2024-11-20,15:59,   0,PM,237
2024-11-20,09:04,  10,AM,142
2024-11-20,14:27,  10,PM,218
2024-11-21,07:33,   0,AM,123
2024-11-21,15:58,   0,PM,237
2024-11-21,09:06,  10,AM,142
2024-11-21,14:25,  10,PM,218
2024-11-22,07:35,   0,AM,123
2024-11-22,15:57,   0,PM,236
2024-11-22,09:08,  10,AM,143
2024-11-22,14:24,  10,PM,217
2024-11-23,07:37,   0,AM,124
2024-11-23,15:56,   0,PM,236
2024-11-23,09:11,  10,AM,143
2024-11-23,14:22,  10,PM,217
2024-11-24,07:38,   0,AM,124
2024-11-24,15:55,   0,PM,236
2024-11-24,09:13,  10,AM,144
2024-11-24,14:20,  10,PM,216
2024-11-25,07:40,   0,AM,125
2024-11-25,15:54,   0,PM,235
2024-11-25,09:15,  10,AM,144
2024-11-25,14:19,  10,PM,216
2024-11-26,07:41,   0,AM,125
2024-11-26,15:53,   0,PM,235
2024-11-26,09:18,  10,AM,145
2024-11-26,14:17,  10,PM,215
2024-11-27,07:43,   0,AM,125
2024-11-27,15:52,   0,PM,235
2024-11-27,09:20,  10,AM,145
2024-11-27,14:15,  10,PM,215
2024-11-28,07:44,   0,AM,125
2024-11-28,15:51,   0,PM,234
2024-11-28,09:22,  10,AM,146
2024-11-28,14:14,  10,PM,214
2024-11-29,07:46,   0,AM,126
2024-11-29,15:51,   0,PM,234
2024-11-29,09:24,  10,AM,146
2024-11-29,14:12,  10,PM,214
2024-11-30,07:47,   0,AM,126
2024-11-30,15:50,   0,PM,234
2024-11-30,09:26,  10,AM,147
2024-11-30,14:11,  10,PM,213
2024-12-01,07:49,   0,AM,126
2024-12-01,15:49,   0,PM,233
2024-12-01,09:28,  10,AM,147
2024-12-01,14:10,  10,PM,213
2024-12-02,07:50,   0,AM,127
2024-12-02,15:49,   0,PM,233
2024-12-02,09:30,  10,AM,147
2024-12-02,14:08,  10,PM,212
2024-12-03,07:52,   0,AM,127
2024-12-03,15:48,   0,PM,233
2024-12-03,09:32,  10,AM,148
2024-12-03,14:07,  10,PM,212
2024-12-04,07:53,   0,AM,127
2024-12-04,15:48,   0,PM,233
2024-12-04,09:34,  10,AM,148
2024-12-04,14:06,  10,PM,212
2024-12-05,07:54,   0,AM,127
2024-12-05,15:47,   0,PM,232
2024-12-05,09:36,  10,AM,149
2024-12-05,14:05,  10,PM,211
2024-12-06,07:55,   0,AM,128
2024-12-06,15:47,   0,PM,232
2024-12-06,09:38,  10,AM,149
2024-12-06,14:04,  10,PM,211
2024-12-07,07:57,   0,AM,128
2024-12-07,15:46,   0,PM,232
2024-12-07,09:40,  10,AM,149
2024-12-07,14:03,  10,PM,211
2024-12-08,07:58,   0,AM,128
2024-12-08,15:46,   0,PM,232
2024-12-08,09:41,  10,AM,150
2024-12-08,14:02,  10,PM,210
2024-12-09,07:59,   0,AM,128
2024-12-09,15:46,   0,PM,232
2024-12-09,09:43,  10,AM,150
2024-12-09,14:02,  10,PM,210
2024-12-10,08:00,   0,AM,128
2024-12-10,15:46,   0,PM,232
2024-12-10,09:45,  10,AM,150
2024-12-10,14:01,  10,PM,210
2024-12-11,08:01,   0,AM,129
2024-12-11,15:46,   0,PM,231
2024-12-11,09:46,  10,AM,150
2024-12-11,14:01,  10,PM,210
2024-12-12,08:02,   0,AM,129
2024-12-12,15:46,   0,PM,231
2024-12-12,09:47,  10,AM,151
2024-12-12,14:00,  10,PM,209
2024-12-13,08:03,   0,AM,129
2024-12-13,15:46,   0,PM,231
2024-12-13,09:49,  10,AM,151
2024-12-13,14:00,  10,PM,209
2024-12-14,08:04,   0,AM,129
2024-12-14,15:46,   0,PM,231
2024-12-14,09:50,  10,AM,151
2024-12-14,14:00,  10,PM,209
2024-12-15,08:05,   0,AM,129
2024-12-15,15:46,   0,PM,231
2024-12-15,09:51,  10,AM,151
2024-12-15,13:59,  10,PM,209
2024-12-16,08:06,   0,AM,129
2024-12-16,15:46,   0,PM,231
2024-12-16,09:52,  10,AM,151
2024-12-16,13:59,  10,PM,208
2024-12-17,08:06,   0,AM,129
2024-12-17,15:46,   0,PM,231
2024-12-17,09:53,  10,AM,151
2024-12-17,13:59,  10,PM,208
2024-12-18,08:07,   0,AM,129
2024-12-18,15:47,   0,PM,231
2024-12-18,09:54,  10,AM,152
2024-12-18,14:00,  10,PM,208
2024-12-19,08:08,   0,AM,129
2024-12-19,15:47,   0,PM,231
2024-12-19,09:55,  10,AM,152
2024-12-19,14:00,  10,PM,208
2024-12-20,08:08,   0,AM,129
2024-12-20,15:47,   0,PM,231
2024-12-20,09:55,  10,AM,152
2024-12-20,14:00,  10,PM,208
2024-12-21,08:09,   0,AM,129
2024-12-21,15:48,   0,PM,231
2024-12-21,09:56,  10,AM,152
2024-12-21,14:01,  10,PM,208
2024-12-22,08:09,   0,AM,129
2024-12-22,15:48,   0,PM,231
2024-12-22,09:56,  10,AM,152
2024-12-22,14:01,  10,PM,208
2024-12-23,08:10,   0,AM,129
2024-12-23,15:49,   0,PM,231
2024-12-23,09:57,  10,AM,152
2024-12-23,14:02,  10,PM,208
2024-12-24,08:10,   0,AM,129
2024-12-24,15:50,   0,PM,231
2024-12-24,09:57,  10,AM,152
2024-12-24,14:03,  10,PM,208
2024-12-25,08:10,   0,AM,129
2024-12-25,15:50,   0,PM,231
2024-12-25,09:57,  10,AM,151
2024-12-25,14:04,  10,PM,209
2024-12-26,08:11,   0,AM,129
2024-12-26,15:51,   0,PM,231
2024-12-26,09:57,  10,AM,151
2024-12-26,14:05,  10,PM,209
2024-12-27,08:11,   0,AM,129
2024-12-27,15:52,   0,PM,231
2024-12-27,09:57,  10,AM,151
2024-12-27,14:06,  10,PM,209
2024-12-28,08:11,   0,AM,129
2024-12-28,15:53,   0,PM,231
2024-12-28,09:57,  10,AM,151
2024-12-28,14:07,  10,PM,209
2024-12-29,08:11,   0,AM,129
2024-12-29,15:54,   0,PM,231
2024-12-29,09:57,  10,AM,151
2024-12-29,14:08,  10,PM,209
2024-12-30,08:11,   0,AM,129
2024-12-30,15:55,   0,PM,231
2024-12-30,09:56,  10,AM,151
2024-12-30,14:09,  10,PM,209
2024-12-31,08:11,   0,AM,129
2024-12-31,15:56,   0,PM,231
2024-12-31,09:56,  10,AM,151
2024-12-31,14:11,  10,PM,210
